Značka,Model,Rok,Najeté km,Cena,Palivo,Převodovka,Výkon (kW)
Volkswagen,Touran,2014,230991,200000,nafta,automat,103
Volkswagen,Touran,2011,159704,180000,benzín,manual,103
Volkswagen,Touran,2014,191865,200000,nafta,manual,77
Škoda,Octavia,2011,131056,150000,nafta,manual,77
Opel,Insignia,2015,122601,200000,nafta,manual,125
Opel,Meriva,2011,122076,150000,nafta,manual,96
Chevrolet,Trax,2013,145792,150000,benzín,manual,103
Volkswagen,Polo,2011,100419,180000,benzín,manual,77
Kia,Rio,2019,140979,200000,benzín,manual,62
Volkswagen,Passat,2009,147656,170000,nafta,automat,125
Audi,A3,2012,151217,185000,benzín,manual,77
Ford,Mondeo,2011,181197,150000,nafta,manual,103
Škoda,Superb,2012,224818,185000,nafta,manual,103
Citroën,C4,2014,49054,180000,benzín,manual,88
Ford,Transit,2012,214510,175000,nafta,manual,74
Mercedes-Benz,Třída,2011,151872,175000,nafta,manual,80
Peugeot,308,2016,120303,180000,nafta,manual,88
Opel,Astra,2016,119329,170000,nafta,manual,100
Hyundai,Ix35,2011,143254,170000,nafta,manual,85
Ford,Transit,2017,166631,185000,nafta,manual,74
Citroën,C3,2012,104758,150000,benzín,manual,70
Volkswagen,Caddy,2014,145325,180000,nafta,manual,55
Škoda,Fabia,2018,159428,180000,benzín,manual,55
Volkswagen,Polo,2017,146065,200000,benzín,manual,81
Ford,Mondeo,2012,159442,150000,nafta,manual,103
Škoda,Fabia,2020,165014,200000,benzín,manual,70
Ford,Focus,2015,206813,175000,nafta,automat,88
Volkswagen,Polo,2016,181486,170000,nafta,manual,66
Citroën,C4,2015,198083,180000,nafta,manual,88
Hyundai,I30,2013,156592,150000,benzín,manual,88
Škoda,Fabia,2016,128330,200000,benzín,manual,66
Kia,Ceed,2013,147880,170000,benzín,manual,99
Opel,Meriva,2015,35662,170000,benzín,manual,74
Peugeot,3008,2012,90987,150000,benzín,manual,88
Nissan,Qashqai,2014,137453,200000,benzín,manual,85
Opel,Astra,2014,139058,175000,benzín,manual,132
Volkswagen,Tiguan,2008,146742,185000,benzín,manual,110
Peugeot,2008,2013,66358,180000,benzín,manual,60
Renault,Mégane,2015,139357,170000,benzín,automat,97
Mercedes-Benz,Třída,2014,258777,150000,nafta,manual,80
Peugeot,3008,2013,122230,200000,nafta,manual,110
Mercedes-Benz,Třída,2010,276339,150000,nafta,manual,100
Jeep,Cherokee,2009,209014,180000,nafta,manual,130
Škoda,Fabia,2016,135929,200000,benzín,manual,55
Volkswagen,Golf,2011,133737,170000,benzín,manual,77
Hyundai,I30,2017,197236,180000,nafta,manual,81
Dacia,Duster,2014,134742,170000,benzín,manual,92
Ford,Galaxy,2010,181680,185000,nafta,manual,103
Peugeot,208,2018,75712,180000,benzín,manual,61
Ford,Focus,2013,179077,150000,nafta,manual,100
Audi,A3,2008,135188,185000,nafta,manual,125
Opel,Astra,2014,121500,170000,benzín,manual,88
Škoda,Octavia,2013,230808,175000,nafta,manual,77
Renault,Mégane,2016,146245,200000,benzín,manual,97
Nissan,Qashqai,2013,121166,180000,nafta,manual,96
Volkswagen,Tiguan,2010,177522,200000,benzín,automat,132
Citroën,C4,2015,100036,175000,benzín,manual,96
Citroën,C5,2009,247215,89000,nafta,manual,125
Škoda,Octavia,2011,227489,128000,nafta,manual,77
Renault,Scénic,2010,163300,79000,nafta,manual,96
Citroën,C4,2015,111715,179000,benzín,manual,81
Mazda,6,2009,123580,145000,nafta,manual,120
Ford,Mondeo,2009,173219,118000,nafta,manual,129
Peugeot,5008,2011,261578,84000,nafta,manual,82
Ford,Galaxy,2014,148479,185000,benzín,manual,118
Peugeot,3008,2014,135404,160000,nafta,manual,110
Nissan,Juke,2010,70449,155000,benzín,manual,140
Volkswagen,Touran,2007,218500,60000,CNG + benzín,manual,80
Ford,Focus,2015,83592,153000,benzín,manual,74
Ford,B-MAX,2014,109313,142000,nafta,manual,70
Ford,B-MAX,2014,126489,144000,nafta,manual,71
Opel,Insignia,2011,90327,180000,nafta,manual,118
Toyota,Verso,2009,87708,150000,benzín,automat,108
Ford,Mondeo,2008,171373,110000,nafta,manual,129
Audi,A6,2010,234511,160000,nafta,automat,140
Kia,Ceed,2013,162796,119000,benzín,manual,73
Hyundai,Ix35,2011,135411,174000,nafta,manual,85
Peugeot,5008,2010,214464,104000,nafta,manual,80
Ford,Focus,2018,100718,198000,nafta,manual,88
Ford,Focus,2011,105714,102000,nafta,manual,66
Ford,Mondeo,2008,168436,120000,nafta,manual,129
Renault,Scénic,2012,165351,118000,nafta,manual,81
Ford,Galaxy,2008,182377,139000,nafta,manual,103
Ford,S-MAX,2007,214630,69000,nafta,manual,96
Ford,Focus,2009,132664,110000,nafta,manual,100
Škoda,Superb,2014,265300,170000,benzín,automat,191
Renault,Koleos,2012,177790,150000,nafta,manual,110
Citroën,Berlingo,2017,131239,186000,benzín,manual,81
Fiat,Bravo,2013,118700,60000,benzín,manual,66
Renault,Clio,2016,54816,160000,benzín,manual,54
Ford,Focus,2015,138671,188000,nafta,manual,85
Volkswagen,Golf,2016,145097,180000,nafta,manual,81
Volkswagen,Passat,2013,145294,189000,nafta,manual,77
Renault,Grand,2011,213997,90000,nafta,manual,81
Renault,Scénic,2014,45058,195000,benzín,manual,97
Ford,Galaxy,2014,239675,185000,nafta,automat,120
Renault,Fluence,2011,156201,99000,LPG + benzín,manual,81
Ford,Galaxy,2009,159236,165000,nafta,manual,129
Citroën,C4,2017,108573,183000,benzín,automat,96
Opel,Insignia,2012,178932,170000,benzín,automat,191
Volkswagen,Golf,2013,226188,187000,nafta,manual,77
Opel,Astra,2013,238351,73000,nafta,manual,96
Kia,Ceed,2011,174087,78000,benzín,manual,66
Kia,Ceed,2014,127292,182000,nafta,manual,94
Renault,Mégane,2014,100155,150000,benzín,manual,85
Škoda,Octavia,2013,176671,199000,nafta,manual,110
Seat,Altea,2012,172313,73000,benzín,manual,77
Škoda,Fabia,2017,188502,179000,nafta,manual,66
Ford,Fiesta,2017,69572,190000,benzín,manual,74
Citroën,C4,2013,184960,170000,nafta,automat,85
Ford,Focus,2011,150168,149000,nafta,manual,120
Hyundai,Tucson,2009,128565,130000,benzín,manual,104
Opel,Mokka,2012,142656,182000,benzín,manual,103
Kia,Ceed,2015,136804,99000,nafta,manual,66
Kia,Ceed,2018,160804,182000,benzín,manual,73
Mercedes-Benz,Třída,2005,137892,85000,benzín,manual,85
Seat,Ibiza,2010,168439,70000,benzín,manual,51
Opel,Astra,2011,202618,92000,nafta,manual,81
Volkswagen,Tiguan,2012,211927,190000,nafta,manual,81
Volkswagen,Golf,2014,204634,180000,nafta,manual,77
Ford,S-MAX,2007,173256,120000,nafta,manual,103
Ford,Galaxy,2009,175336,159000,nafta,manual,103
Mazda,3,2014,184434,165000,benzín,manual,74
Ford,Focus,2012,44853,157000,benzín,manual,74
Seat,Leon,2010,205158,66000,nafta,manual,77
Ford,C-MAX,2013,132073,130000,benzín,manual,92
Opel,Astra,2011,181943,79000,nafta,manual,92
Chevrolet,Epica,2007,117447,110000,benzín,automat,115
Škoda,Octavia,2009,254735,39000,benzín,manual,75
Opel,Insignia,2010,228658,79000,nafta,manual,118
Škoda,Fabia,2014,155967,90000,benzín,manual,63
Ford,Mondeo,2011,168746,115000,nafta,manual,85
Opel,Mokka,2012,110692,170000,benzín,manual,103
Fiat,Punto,2016,194009,95000,nafta,manual,70
Opel,Corsa,2016,99200,140000,benzín,manual,55
Škoda,Fabia,2007,165920,49000,benzín,manual,44
Škoda,Octavia,2013,311096,160000,nafta,automat,110
Kia,Carens,2008,167598,60000,nafta,manual,84
Ford,C-MAX,2013,133779,190000,nafta,manual,85
Ford,Mondeo,2011,174287,140000,nafta,manual,103
Škoda,Superb,2014,364879,115000,nafta,manual,77
Škoda,Fabia,2006,165603,40000,benzín,manual,47
Citroën,Jumpy,2013,203445,189000,nafta,manual,94
Peugeot,508,2015,167371,170000,nafta,manual,88
Citroën,C3,2010,138115,99000,benzín,manual,70
Ford,Focus,2014,74542,199000,benzín,manual,110
Ford,Focus,2008,184259,50000,benzín,manual,92
Škoda,Rapid,2014,138028,170000,benzín,manual,77
Nissan,Juke,2011,126407,130000,nafta,manual,81
Citroën,C4,2014,198563,200000,nafta,manual,110
Peugeot,308,2014,114946,180000,benzín,automat,96
Škoda,Roomster,2010,192601,115000,benzín,manual,77
Seat,Ibiza,2017,113799,200000,benzín,manual,55
BMW,Řada,2009,214667,130000,nafta,automat,130
Volkswagen,Golf,2012,152795,193000,nafta,manual,103
Ford,Focus,2013,33534,160000,benzín,manual,92
Škoda,Roomster,2010,170864,122000,benzín,manual,77
Ford,Mondeo,2010,159404,139000,nafta,manual,129
Škoda,Octavia,2016,229696,179000,nafta,manual,110
Ford,Mondeo,2008,249543,64000,nafta,manual,96
Volkswagen,Golf,2009,136515,100000,benzín,manual,75
Ford,Focus,2009,195120,74000,nafta,manual,100
Peugeot,308,2019,128946,190000,benzín,manual,96
Renault,Mégane,2015,118810,165000,benzín,manual,85
Hyundai,Tucson,2006,189462,89000,nafta,manual,103
Škoda,Fabia,2012,161774,103000,benzín,manual,63
Volkswagen,Golf,2010,153693,169000,nafta,manual,103
Škoda,Fabia,2008,140200,69000,benzín,manual,51
Citroën,C4,2015,163474,180000,nafta,manual,110
Ford,B-MAX,2013,223779,70000,nafta,manual,55
Škoda,Superb,2009,228294,157000,benzín,automat,191
Škoda,Octavia,2009,303091,90000,nafta,manual,103
Ford,Mondeo,2009,162363,125000,nafta,manual,103
Volkswagen,Polo,2013,124707,169000,benzín,manual,66
Opel,Mokka,2013,163008,191000,nafta,manual,96
Hyundai,Ix35,2012,169793,180000,nafta,manual,135
Škoda,Octavia,2012,200361,150000,nafta,automat,77
Peugeot,Expert,2017,174292,196100,nafta,manual,66
Peugeot,206,2010,119955,59000,benzín,manual,55
Hyundai,Ix35,2010,196622,150000,benzín,manual,120
Volvo,S60,2004,223150,79000,benzín,automat,154
Hyundai,Ix35,2012,100062,190000,nafta,manual,85
Ford,Mondeo,2013,189433,145000,nafta,manual,120
Ford,Focus,2013,72548,145000,benzín,manual,92
Volkswagen,Golf,2013,78954,190000,benzín,manual,90
Ford,C-MAX,2005,153351,69000,benzín,manual,74
Renault,Mégane,2013,123091,145000,nafta,manual,81
Renault,Mégane,2015,165949,130000,nafta,manual,81
Škoda,Octavia,2014,155517,189000,nafta,manual,77
Škoda,Roomster,2006,177770,70000,benzín,manual,63
Citroën,C5,2015,160979,195000,nafta,manual,120
Mercedes-Benz,Třída,2005,189823,135000,LPG + benzín,automat,165
Renault,Scénic,2016,160007,160000,nafta,manual,96
Peugeot,3008,2014,151488,179000,nafta,manual,84
Škoda,Fabia,2010,183978,89000,benzín,manual,63
Škoda,Fabia,2011,180829,94000,benzín,manual,63
Kia,Carens,2007,161624,62000,benzín,manual,106
Peugeot,2008,2016,86948,185000,benzín,manual,60
Škoda,Octavia,2014,142430,200000,nafta,manual,81
Škoda,Fabia,2006,194460,40000,benzín,manual,47
Škoda,Octavia,2010,299498,79000,nafta,manual,77
Ford,B-MAX,2013,112933,120000,nafta,manual,70
Ford,Mondeo,2008,147333,100000,nafta,manual,103
Škoda,Fabia,2015,112570,190000,benzín,manual,66
Renault,Mégane,2016,113346,130000,benzín,manual,85
Škoda,Octavia,2010,126031,75000,benzín,manual,75
Citroën,C4,2018,129639,190000,benzín,manual,81
Ford,Mondeo,2010,162566,122000,nafta,manual,120
Škoda,Octavia,2006,48838,110000,benzín,manual,85
Škoda,Fabia,2008,168505,65000,benzín,manual,51
Škoda,Octavia,2011,179299,130000,nafta,manual,77
Renault,Scénic,2016,141731,170000,nafta,manual,81
Hyundai,I30,2012,156262,150000,nafta,manual,81
Peugeot,407,2008,153510,60000,nafta,manual,80
Citroën,C4,2014,246430,120000,nafta,manual,68
Renault,Laguna,2012,127711,155000,benzín,manual,103
Peugeot,3008,2015,169647,180000,nafta,manual,88
Škoda,Octavia,2008,314913,73000,nafta,manual,125
Ford,S-MAX,2007,240813,68000,nafta,automat,103
Peugeot,5008,2016,193522,135000,nafta,manual,88
Mini,Countryman,2013,139381,200000,nafta,manual,82
Toyota,RAV4,2007,216834,120000,nafta,manual,130
Škoda,Fabia,2009,184849,64000,benzín,manual,44
Renault,Scénic,2014,158694,180000,nafta,manual,81
Ford,Mondeo,2013,167712,145000,nafta,manual,103
Toyota,Avensis,2008,224603,60000,nafta,manual,110
BMW,Řada,2012,88572,175000,benzín,manual,100
Škoda,Octavia,2014,208361,179000,nafta,manual,77
Škoda,Superb,2009,225508,159000,nafta,manual,125
Škoda,Fabia,2008,199106,50000,benzín,manual,51
Škoda,Superb,2013,200470,180000,nafta,automat,103
Renault,Mégane,2010,139172,75000,benzín,manual,81
Škoda,Octavia,2009,155680,109000,benzín,manual,75
Kia,Rio,2012,96610,90000,benzín,manual,62
Chevrolet,Trax,2013,146274,160000,nafta,manual,96
BMW,Řada,2009,161906,159000,benzín,manual,160
Ford,Focus,2012,153058,135000,nafta,manual,103
Škoda,Fabia,2019,137795,200000,benzín,manual,70
Audi,A6,2008,216674,135000,nafta,automat,171
Škoda,Octavia,2009,153017,155000,benzín,automat,90
Audi,A4,2006,201959,109000,benzín,manual,147
Renault,Scénic,2012,200656,99000,nafta,manual,96
Renault,Clio,2018,61225,170000,benzín,manual,54
Škoda,Octavia,2017,249200,180000,nafta,manual,85
Fiat,Sedici,2008,175019,80000,nafta,manual,88
Peugeot,308,2009,117800,80000,benzín,manual,88
Mini,Countryman,2011,125297,180000,benzín,manual,90
Volkswagen,Polo,2012,131102,135000,benzín,manual,51
Mini,Cooper,2009,77974,140000,benzín,manual,88
Ford,Mondeo,2008,189228,100000,nafta,manual,103
BMW,Řada,2005,131371,135000,benzín,manual,125
Opel,Astra,2017,131256,190000,nafta,manual,81
Lexus,RX300,2005,193772,135000,benzín,automat,150
Renault,Latitude,2011,149918,115000,nafta,manual,110
Volkswagen,Golf,2011,125946,155000,benzín,manual,118
Škoda,Fabia,2010,215613,73000,benzín,manual,63
BMW,Řada,2007,212295,109000,benzín,manual,110
Ford,Galaxy,2013,281629,135000,nafta,automat,120
Peugeot,301,2014,134943,115000,benzín,manual,53
Renault,Scénic,2011,180200,118000,nafta,automat,81
Škoda,Octavia,2015,249847,190000,nafta,automat,110
Peugeot,206,2009,118640,54000,benzín,manual,44
Volkswagen,Golf,2008,211115,94000,nafta,manual,77
Opel,Corsa,2018,61273,200000,benzín,manual,66
Mazda,3,2011,181551,100000,nafta,manual,85
Ford,S-MAX,2013,205228,165000,nafta,automat,103
Škoda,Fabia,2008,256582,64000,nafta,manual,77
Seat,Altea,2009,153664,119000,nafta,manual,77
Volkswagen,Polo,2013,131505,160000,benzín,manual,66
Opel,Combo,2016,94819,151300,nafta,manual,77
Toyota,Corolla,2007,177976,93000,benzín,manual,81
Honda,CR-V,2014,257000,185000,nafta,manual,88
Škoda,Superb,2002,257707,64000,nafta,automat,114
Renault,Grand,2010,179350,120000,nafta,manual,118
Mercedes-Benz,Třída,2010,257999,125000,nafta,manual,125
Fiat,Freemont,2011,222770,135000,nafta,manual,125
Fiat,Freemont,2011,254596,110000,nafta,manual,103
Volkswagen,Golf,2010,187650,140000,benzín,automat,90
BMW,Řada,2009,173065,172000,benzín,automat,160
Citroën,C4,2017,221586,189000,nafta,manual,110
Kia,Ceed,2014,142755,180000,nafta,manual,81
Fiat,500,2016,63171,200000,LPG + benzín,manual,70
Volkswagen,Touran,2007,257021,60000,CNG + benzín,manual,80
Hyundai,Santa,2007,182376,90000,nafta,automat,114
Citroën,C4,2014,163900,180000,LPG + benzín,manual,88
Škoda,Fabia,2015,177456,195000,nafta,manual,77
Subaru,Legacy,2007,232143,79000,benzín,automat,121
Volkswagen,Tiguan,2009,147132,175000,benzín,automat,110
Volkswagen,Touran,2010,281056,130000,nafta,manual,77
Opel,Astra,2015,110323,169000,benzín,manual,88
Volkswagen,Passat,2011,164690,162000,benzín,manual,90
Mini,Cooper,2003,254184,53000,benzín,manual,85
Škoda,Fabia,2011,131037,110000,benzín,manual,63
Renault,Fluence,2011,175088,88000,nafta,manual,81
Škoda,Octavia,2007,185788,90000,benzín,manual,85
Peugeot,2008,2017,135382,175000,nafta,manual,73
Škoda,Octavia,2015,186779,180000,nafta,manual,81
Renault,Scénic,2006,214742,45000,nafta,manual,96
Škoda,Roomster,2011,129424,115000,benzín,manual,63
Ford,Focus,2005,205611,35000,benzín,manual,85
Ford,Mondeo,2013,208635,140000,nafta,manual,103
Peugeot,3008,2012,153188,134000,benzín,manual,88
Volkswagen,Touran,2007,185083,105000,benzín,manual,103
Škoda,Octavia,2013,289992,150000,nafta,manual,77
Opel,Meriva,2010,211356,80000,nafta,manual,55
BMW,Řada,2007,265515,105000,nafta,automat,120
Škoda,Fabia,2012,105800,74000,benzín,manual,51
Ford,S-MAX,2009,208356,92000,nafta,manual,103
Dacia,Logan,2006,119701,34000,benzín,manual,55
Peugeot,308,2012,178229,82000,nafta,manual,82
Ford,Grand,2012,113656,159000,nafta,manual,85
Škoda,Octavia,2014,258334,125000,benzín,manual,63
Renault,Koleos,2009,171231,128000,nafta,manual,127
Volkswagen,Tiguan,2008,213120,195000,nafta,automat,103
Renault,Laguna,2011,239350,89000,nafta,manual,96
Dacia,Duster,2011,138925,128000,benzín,manual,77
Škoda,Octavia,2009,268044,120000,nafta,manual,103
Renault,Scénic,2013,302160,59000,nafta,manual,96
Ford,Galaxy,2010,184077,160000,nafta,manual,103
Opel,Zafira,2011,136095,160000,nafta,manual,81
Ford,Focus,2008,242715,47000,nafta,manual,66
Ford,Mondeo,2012,163742,135000,nafta,manual,103
Nissan,Qashqai,2008,219672,98000,benzín,manual,84
Ford,Mondeo,2009,171285,119000,nafta,manual,103
Peugeot,5008,2016,182136,200000,nafta,manual,110
Ford,S-MAX,2014,133283,200000,nafta,automat,120
Škoda,Fabia,2013,137518,128000,benzín,manual,63
Renault,Fluence,2010,147664,74000,benzín,manual,81
Hyundai,I30,2018,253876,150000,nafta,manual,81
Peugeot,207,2006,160331,58000,benzín,manual,65
Škoda,Octavia,2013,89146,185000,benzín,manual,63
Mercedes-Benz,Třída,2009,220626,199000,nafta,manual,150
Peugeot,4008,2013,132846,200000,nafta,manual,84
Volkswagen,Passat,2011,138442,200000,nafta,manual,103
Ford,Mondeo,2010,216561,100000,nafta,manual,103
Honda,Civic,2010,166742,128000,benzín,manual,73
Opel,Astra,2013,227499,94000,nafta,manual,121
Mini,One,2007,174263,74000,benzín,manual,70
Škoda,Octavia,2005,275298,53000,nafta,manual,103
Peugeot,308,2012,186076,68000,nafta,manual,68
Škoda,Octavia,2014,247789,179000,nafta,manual,77
Volkswagen,Golf,2009,194013,105000,benzín,manual,59
Dacia,Lodgy,2019,257852,105000,benzín,manual,75
Nissan,Qashqai,2009,172621,139000,benzín,manual,84
Hyundai,Tucson,2007,125918,95000,nafta,manual,103
Volkswagen,Golf,2012,128640,160000,benzín,manual,90
Škoda,Octavia,2010,178521,119000,benzín,manual,90
Opel,Corsa,2007,218193,50000,benzín,manual,59
Volkswagen,Beetle,2012,193712,189000,nafta,manual,103
Renault,Fluence,2015,46311,157000,benzín,manual,82
Škoda,Fabia,2011,287365,57000,benzín,manual,63
Ford,Fiesta,2009,101505,118000,benzín,manual,60
Citroën,C3,2014,108210,125000,benzín,manual,60
Škoda,Rapid,2018,200308,159000,benzín,manual,70
Škoda,Fabia,2018,209342,150000,LPG + benzín,manual,55
Opel,Meriva,2013,187801,95000,benzín,manual,88
Nissan,Note,2006,118324,55000,nafta,manual,63
Škoda,Rapid,2019,124945,200000,benzín,manual,81
Škoda,Fabia,2015,189251,145000,nafta,manual,77
Citroën,C3,2015,33363,160000,benzín,manual,50
Škoda,Octavia,2012,192464,153000,benzín,automat,90
Opel,Vectra,2007,221519,70000,benzín,manual,103
Ford,C-MAX,2010,245200,55000,nafta,manual,100
Škoda,Fabia,2012,165675,115000,benzín,manual,77
Ford,Focus,2011,292202,59000,nafta,manual,70
Citroën,C3,2016,130058,129000,benzín,manual,50
Opel,Meriva,2009,143185,61000,benzín,manual,66
Fiat,Punto,2009,160495,55000,benzín,manual,48
Škoda,Octavia,2012,194519,142000,nafta,automat,103
Volkswagen,Polo,2013,132680,140000,benzín,manual,51
Volkswagen,Golf,2010,210688,125000,benzín,manual,118
Ford,Mondeo,2007,130932,119000,nafta,manual,103
Opel,Zafira,2012,137373,155000,benzín,manual,88
Škoda,Octavia,2008,253226,70000,nafta,manual,77
Škoda,Octavia,2007,216901,57000,benzín,manual,75
Škoda,Octavia,2009,338810,108000,nafta,manual,103
Ford,Focus,2009,142250,75000,nafta,manual,80
Ford,Mondeo,2009,159908,128000,nafta,manual,103
Ford,Focus,2010,195318,64000,nafta,manual,66
Škoda,Octavia,2009,255391,130000,nafta,manual,103
Ford,Mondeo,2011,159540,145000,nafta,manual,103
Škoda,Octavia,2010,226484,132000,nafta,automat,77
Škoda,Fabia,2015,60050,200000,benzín,manual,66
Opel,Zafira,2015,130306,200000,nafta,manual,100
Škoda,Fabia,2007,143932,47000,benzín,manual,47
Volkswagen,Touran,2011,200450,155000,benzín,manual,103
Škoda,Octavia,2006,345135,33000,nafta,manual,74
Volkswagen,Golf,2011,179902,124000,nafta,manual,66
BMW,X3,2009,174629,180000,nafta,automat,130
Kia,Sportage,2008,182189,105000,benzín,manual,104
Seat,Leon,2008,242530,64000,nafta,manual,77
Seat,Leon,2014,104102,192000,benzín,manual,63
Peugeot,308,2010,209889,77000,nafta,manual,82
Fiat,500,2014,100245,180000,benzín,manual,51
Citroën,C3,2013,88726,125000,benzín,manual,50
Škoda,Citigo,2012,26273,168000,benzín,manual,44
Škoda,Roomster,2008,199250,58000,benzín,manual,51
Opel,Mokka,2013,124020,185000,nafta,manual,96
Hyundai,Tucson,2007,196150,100000,nafta,manual,103
Dacia,Lodgy,2014,119629,130000,benzín,manual,85
Peugeot,308,2008,128227,84000,benzín,manual,88
Ford,Mondeo,2008,268785,65000,nafta,manual,92
Renault,Mégane,2015,89647,175000,benzín,manual,85
Mercedes-Benz,CLK,2008,175817,150000,benzín,automat,135
Chrysler,Voyager,2008,236521,120000,nafta,automat,120
Volkswagen,Golf,2006,105177,98000,benzín,manual,66
Ford,C-MAX,2015,160626,190000,nafta,manual,88
Škoda,Fabia,2013,192969,100000,benzín,manual,63
Ford,Fiesta,2005,151577,32000,benzín,manual,51
Opel,Meriva,2010,156929,109000,benzín,manual,74
Audi,A4,2009,219785,94000,benzín,manual,80
Ford,Fiesta,2009,163147,60000,benzín,manual,44
Škoda,Octavia,2005,316851,65000,nafta,manual,77
Ford,Grand,2012,214786,130000,nafta,manual,103
Volkswagen,Passat,2006,303974,73000,nafta,automat,125
Citroën,C3,2014,84737,150000,benzín,manual,88
Citroën,C4,2012,180392,169000,nafta,manual,110
Audi,A4,2005,337916,68000,nafta,manual,150
Škoda,Rapid,2014,156293,198000,benzín,manual,77
Renault,Scénic,2014,103097,190000,benzín,manual,97
BMW,Řada,2012,264621,145000,nafta,manual,105
Škoda,Octavia,2009,135324,159000,benzín,manual,90
Kia,Soul,2009,138652,108000,benzín,manual,93
Škoda,Superb,2011,134837,168000,benzín,manual,92
Ford,S-MAX,2010,139169,165000,nafta,manual,129
Peugeot,3008,2014,145801,200000,nafta,manual,84
Volkswagen,Passat,2008,140685,133000,benzín,manual,75
Škoda,Fabia,2008,160915,100000,nafta,manual,77
Ford,Mondeo,2009,203938,85000,nafta,manual,103
Opel,Antara,2007,96100,160000,nafta,automat,110
Citroën,C4,2015,128784,174000,benzín,manual,81
Škoda,Rapid,2014,153686,168000,benzín,manual,63
Škoda,Yeti,2011,159239,200000,benzín,automat,77
Ford,Mondeo,2010,162352,125000,nafta,manual,120
Toyota,Auris,2010,150758,98000,nafta,manual,66
Chevrolet,Orlando,2013,189812,155000,benzín,manual,103
Ford,Transit,2009,176953,173000,nafta,manual,63
Škoda,Rapid,2015,120736,195000,nafta,manual,85
Nissan,Tiida,2009,183321,65000,benzín,manual,81
Škoda,Fabia,2005,96728,45000,benzín,manual,40
Škoda,Fabia,2004,67938,37000,benzín,manual,40
Peugeot,208,2016,38993,125000,benzín,manual,50
Mazda,5,2013,204018,105000,nafta,manual,85
Renault,Scénic,2009,299800,55000,nafta,manual,78
Fiat,Stilo,2003,139395,35000,benzín,manual,76
Audi,A3,2008,147390,130000,benzín,manual,75
Nissan,Qashqai,2012,217347,145000,benzín,manual,86
Škoda,Octavia,2016,184741,195000,nafta,manual,81
Škoda,Roomster,2012,170544,109000,benzín,manual,63
Renault,Mégane,2013,110218,115000,benzín,manual,85
Hyundai,I20,2009,133881,60000,benzín,manual,57
Ford,Focus,2010,152778,109000,benzín,manual,92
Renault,Clio,2009,100558,40000,benzín,manual,55
Mazda,5,2009,178252,94000,nafta,manual,103
Hyundai,Matrix,2005,123721,35000,benzín,manual,76
Ford,Focus,2008,191615,58000,nafta,manual,66
Fiat,500,2013,159732,125000,benzín,manual,77
Citroën,C3,2004,127539,35000,benzín,manual,54
Peugeot,Expert,2008,279371,100000,nafta,manual,88
Citroën,C5,2011,258626,75000,nafta,manual,103
Subaru,Legacy,2004,218913,94000,benzín,automat,121
Renault,Laguna,2008,187336,63000,nafta,manual,110
Ford,Mondeo,2004,220830,34000,nafta,manual,85
Volvo,V50,2007,201105,58000,nafta,manual,80
Ford,Focus,2010,242906,49000,benzín,manual,74
Volkswagen,Passat,2006,190770,93000,benzín,automat,184
Škoda,Octavia,2010,261048,80000,nafta,manual,77
Ford,C-MAX,2010,140182,99000,benzín,manual,92
Volkswagen,Passat,2009,147386,180000,benzín,manual,147
Škoda,Octavia,2007,144101,129000,benzín,manual,85
Hyundai,Atos,2007,102121,45000,benzín,manual,46
Ford,Focus,2008,199239,59000,nafta,manual,85
Mercedes-Benz,Třída,2008,195974,193000,nafta,automat,165
Opel,Meriva,2008,182799,47000,LPG + benzín,manual,66
Mazda,6,2011,152479,155000,benzín,manual,114
Citroën,C3,2010,76322,150000,benzín,manual,88
SsangYong,Korando,2014,143581,200000,nafta,automat,129
BMW,Řada,2006,262022,85000,nafta,manual,120
Ford,Mondeo,2009,166213,150000,nafta,manual,129
Škoda,Roomster,2013,157242,149000,benzín,manual,77
Mazda,6,2010,139782,179000,benzín,manual,114
Opel,Astra,2010,146383,82000,benzín,manual,103
Škoda,Superb,2008,202958,152000,nafta,manual,103
Mercedes-Benz,Třída,2006,173235,59000,benzín,manual,80
Opel,Vectra,2007,206539,55000,benzín,manual,103
Volkswagen,Passat,2006,198508,95000,nafta,manual,77
Chevrolet,Aveo,2011,41389,115000,benzín,manual,74
Škoda,Octavia,2018,293725,190000,benzín,manual,110
Škoda,Superb,2015,284733,199000,nafta,automat,103
Volkswagen,Golf,2009,104385,160000,benzín,manual,59
Dacia,Sandero,2019,69028,165000,benzín,manual,54
Kia,Picanto,2015,9822,178000,benzín,manual,48
Ford,S-MAX,2008,268590,75000,nafta,manual,103
Škoda,Rapid,2014,159665,169000,benzín,manual,77
Peugeot,2008,2014,92592,190000,benzín,manual,88
Ford,Mondeo,2010,382087,52000,nafta,manual,92
Volkswagen,Passat,2009,245700,76000,benzín,manual,90
Mercedes-Benz,Třída,2012,183147,193000,benzín,manual,115
Škoda,Octavia,2014,304201,182000,nafta,automat,110
Škoda,Octavia,2006,224517,62000,benzín,manual,75
Toyota,Avensis,2008,249300,72000,nafta,manual,130
Škoda,Fabia,2012,87211,110000,benzín,manual,63
Kia,Carens,2007,144368,70000,benzín,manual,106
Seat,Ibiza,2013,88180,119000,benzín,manual,51
BMW,Řada,2012,246263,189000,nafta,manual,160
Škoda,Fabia,2008,164550,79000,benzín,manual,51
Škoda,Fabia,2009,139829,80000,benzín,manual,51
Škoda,Octavia,2010,183151,200000,nafta,automat,125
Hyundai,Getz,2008,57517,56000,benzín,manual,49
Škoda,Octavia,2010,273484,94000,nafta,manual,77
Ford,Focus,2017,155584,190000,benzín,manual,77
Ford,Fiesta,2010,148974,59000,benzín,manual,44
Volkswagen,Golf,2011,115956,134000,benzín,manual,63
Opel,Zafira,2012,173498,144000,benzín,manual,103
Toyota,Verso,2012,149670,162000,nafta,manual,93
Škoda,Fabia,2011,155332,120000,benzín,manual,63
Volkswagen,Touran,2007,177305,132000,nafta,manual,103
BMW,X1,2010,240247,138000,nafta,manual,105
Renault,Mégane,2008,236897,44000,benzín,manual,82
Volkswagen,Golf,2010,154559,150000,benzín,manual,77
Škoda,Octavia,2011,204304,103000,nafta,manual,77
Volvo,S80,2007,114033,169000,benzín,automat,175
Škoda,Rapid,2013,111696,169000,nafta,manual,77
Mazda,CX-9,2010,229331,190000,benzín,automat,204
Škoda,Roomster,2010,182183,65000,benzín,manual,51
Škoda,Octavia,2012,126170,140000,benzín,manual,75
Mercedes-Benz,CLK,2002,206577,85000,benzín,manual,125
Škoda,Octavia,2013,137187,190000,benzín,manual,77
Volkswagen,Golf,2017,219396,200000,nafta,manual,85
Ford,Mondeo,2009,164652,149000,nafta,manual,129
Renault,Mégane,2013,145152,108000,benzín,manual,85
Dacia,Logan,2017,73436,103000,benzín,manual,54
Renault,Scénic,2013,168312,166000,nafta,manual,96
Renault,Clio,2018,75043,180000,benzín,manual,54
Škoda,Yeti,2013,203731,195000,nafta,automat,103
Seat,Ibiza,2009,168952,62000,benzín,manual,51
Volkswagen,Transporter,2006,226299,195000,nafta,automat,96
Ford,Mondeo,2004,123360,59000,benzín,manual,81
Honda,Accord,2009,171406,149000,nafta,manual,110
Citroën,Xsara,2007,206224,39000,nafta,manual,66
Renault,Scénic,2011,202499,114000,nafta,automat,81
Škoda,Rapid,2017,160230,182000,nafta,manual,66
Škoda,Rapid,2015,204897,150000,nafta,manual,66
Renault,Scénic,2004,210014,49000,benzín,manual,99
Volkswagen,Golf,2012,152159,109000,benzín,manual,77
Citroën,DS3,2010,139364,128000,benzín,manual,88
Renault,Thalia,2005,103505,42000,benzín,manual,72
Kia,Ceed,2016,89950,200000,benzín,manual,73
Peugeot,307,2006,165574,49000,benzín,manual,65
Peugeot,3008,2014,175511,185000,nafta,automat,84
Fiat,Ducato,2006,224035,110000,nafta,manual,74
Škoda,Octavia,2014,257822,180000,nafta,automat,110
Dacia,Logan,2008,195785,35000,benzín,manual,55
Volkswagen,Passat,2009,181338,109000,benzín,manual,90
Opel,Corsa,2011,87300,89000,benzín,manual,63
Volkswagen,Polo,2006,143369,46000,benzín,manual,40
Volkswagen,Up!,2013,131161,134000,benzín,manual,44
Renault,Mégane,2011,157975,132000,nafta,manual,96
Seat,Altea,2007,97620,129000,benzín,manual,75
Citroën,C3,2010,134632,138000,benzín,manual,88
Citroën,DS4,2012,106654,157000,benzín,manual,88
Citroën,Xsara,2008,176005,49000,nafta,manual,80
Renault,Thalia,2003,97599,32000,benzín,manual,55
BMW,X1,2010,207369,200000,nafta,automat,130
Citroën,Berlingo,2015,97406,190000,nafta,manual,73
Škoda,Fabia,2021,49751,300000,benzín,manual,70
Ford,Kuga,2013,162301,280000,nafta,automat,120
Ford,Focus,2019,66312,400000,benzín,manual,110
Volkswagen,Tiguan,2014,90721,320000,benzín,manual,118
Peugeot,508,2019,136677,400000,nafta,automat,96
Volkswagen,Passat,2020,183218,395000,nafta,automat,110
Škoda,Octavia,2020,118470,395000,nafta,manual,83
Škoda,Octavia,2019,192926,200000,nafta,manual,85
Volkswagen,Tiguan,2009,117042,269000,nafta,automat,103
Škoda,Octavia,2018,179470,310000,benzín,manual,110
Ford,Kuga,2016,97865,310000,benzín,manual,110
Opel,Mokka,2018,31529,320000,benzín,manual,85
Škoda,Fabia,2021,97056,280000,benzín,manual,70
Škoda,Octavia,2017,136117,300000,nafta,manual,110
Kia,Sportage,2014,122713,260000,nafta,automat,135
Citroën,C4,2014,166654,260000,nafta,manual,110
Seat,Alhambra,2015,214811,310000,nafta,manual,135
Hyundai,I30,2020,31204,400000,benzín,automat,88
Škoda,Scala,2020,167910,260000,benzín,manual,85
Renault,Mégane,2019,82666,300000,nafta,manual,85
Mitsubishi,ASX,2015,83534,269000,benzín,manual,86
Nissan,X-Trail,2017,176520,320000,nafta,manual,130
Mercedes-Benz,Třída,2009,197792,280000,nafta,automat,165
Hyundai,I30,2021,61554,300000,benzín,manual,80
Ford,Focus,2014,97542,200000,benzín,manual,134
DS,Automobiles,2017,71100,260000,benzín,manual,96
Škoda,Octavia,2020,132417,395000,nafta,manual,85
Volkswagen,Sportsvan,2014,139450,310000,nafta,manual,110
Jeep,Grand,2012,180142,280000,nafta,automat,140
Škoda,Scala,2022,79440,395000,benzín,manual,110
Peugeot,Rifter,2020,125878,320000,nafta,manual,75
Volkswagen,Touran,2016,148688,400000,nafta,manual,110
Ford,Focus,2018,132191,200000,nafta,automat,88
Mazda,2,2019,56649,320000,benzín,manual,66
Volkswagen,Touareg,2011,279554,260000,benzín,manual,160
Ford,Transit,2018,181308,309800,nafta,manual,125
Volkswagen,Multivan,2005,195358,300000,nafta,automat,128
BMW,Řada,2014,204640,269000,nafta,automat,135
Kia,Ceed,2018,121724,200000,benzín,manual,99
Volkswagen,CC,2012,94638,280000,benzín,automat,118
Jeep,Renegade,2015,139589,320000,nafta,automat,103
Ford,Focus,2020,107609,280000,nafta,manual,88
Opel,Combo,2021,66555,393300,nafta,manual,75
Ford,Focus,2020,115626,299000,nafta,manual,88
Peugeot,Boxer,2020,142195,399300,nafta,manual,103
Volvo,XC60,2016,115928,395000,nafta,manual,140
Fiat,500,2019,43662,260000,benzín,manual,51
Škoda,Octavia,2014,153818,310000,benzín,manual,162
Škoda,Octavia,2015,192234,200000,nafta,manual,81
Volkswagen,Caddy,2020,154982,399300,nafta,manual,75
Ford,Mondeo,2016,159820,280000,nafta,automat,132
Peugeot,807,2013,126717,225000,nafta,manual,100
Ford,Focus,2013,135784,225000,nafta,automat,103
Citroën,C3,2019,84038,330000,benzín,manual,96
Fiat,Ducato,2017,74906,289200,nafta,manual,85
Opel,Grandland,2018,111773,338000,nafta,manual,88
Toyota,RAV4,2014,126081,346000,nafta,automat,110
Ford,Kuga,2012,116296,219000,nafta,automat,120
BMW,Řada,2016,106113,219000,benzín,manual,80
Mini,Clubman,2017,152261,326000,nafta,manual,110
Audi,A1,2014,136349,250000,benzín,automat,136
Opel,Insignia,2014,139615,225000,nafta,manual,120
BMW,Řada,2014,184245,299000,nafta,automat,160
Opel,Insignia,2011,155122,210000,nafta,automat,118
Volkswagen,Tiguan,2012,82843,245000,benzín,manual,90
Renault,Espace,2015,91227,392000,benzín,automat,147
Ford,Focus,2019,131791,319000,nafta,automat,110
Peugeot,3008,2018,195830,299000,nafta,manual,110
Citroën,Jumper,2014,163175,260000,nafta,manual,96
Citroën,C5,2019,176002,364000,nafta,automat,130
BMW,Řada,2014,140130,274000,nafta,manual,135
BMW,X3,2013,165395,280000,nafta,manual,135
Mazda,CX-3,2015,92665,305000,benzín,manual,88
BMW,Řada,2011,193903,279000,nafta,automat,180
Škoda,Octavia,2019,146586,272000,nafta,manual,85
Ford,Kuga,2017,106332,385000,benzín,automat,134
Seat,Leon,2015,142725,238000,nafta,manual,135
Peugeot,308,2016,77701,210000,benzín,automat,96
Opel,Corsa,2021,33252,345000,benzín,automat,74
Volkswagen,Tiguan,2012,110557,279000,nafta,automat,103
Ford,Kuga,2013,145132,260000,nafta,automat,103
Mercedes-Benz,GLK,2009,69030,345000,nafta,automat,165
Nissan,Qashqai,2014,98469,295000,benzín,automat,85
Škoda,Octavia,2013,147102,325000,benzín,manual,162
BMW,Řada,2012,138750,290000,nafta,automat,160
Ford,Mondeo,2019,129886,345000,nafta,manual,110
Mercedes-Benz,Třída,2009,195194,220000,nafta,automat,170
Peugeot,5008,2016,80754,210000,nafta,manual,88
Volvo,XC60,2009,177452,215000,nafta,manual,129
Ford,Focus,2018,86334,209000,benzín,manual,74
Mercedes-Benz,Třída,2008,173039,238000,nafta,automat,165
Ford,Mondeo,2015,164333,270000,nafta,automat,132
Škoda,Octavia,2018,194293,230000,nafta,manual,85
Opel,Zafira,2015,131071,226000,LPG + benzín,manual,103
Ford,Kuga,2018,55962,390000,nafta,manual,110
Kia,Stonic,2018,76611,285000,benzín,manual,88
Kia,Sportage,2015,126268,305000,benzín,manual,122
Volkswagen,Tiguan,2010,92839,206000,benzín,manual,110
Volkswagen,Golf,2016,146037,225000,nafta,manual,81
Volkswagen,Golf,2015,122548,295000,nafta,automat,110
BMW,Řada,2014,100824,230000,nafta,manual,85
Hyundai,I40,2017,137095,210000,nafta,manual,85
Kia,Rio,2017,120285,230000,benzín,manual,88
Škoda,Rapid,2017,143295,235000,nafta,manual,85
BMW,Řada,2015,124903,338000,nafta,manual,140
Peugeot,2008,2016,58540,229000,benzín,automat,81
Volkswagen,Sharan,2012,240481,205000,nafta,manual,103
Renault,Grand,2017,138475,300000,nafta,manual,96
Volkswagen,Passat,2013,123621,213000,nafta,automat,77
Volkswagen,Passat,2015,251169,229000,nafta,automat,110
Opel,Mokka,2014,91821,210000,nafta,manual,96
Seat,Alhambra,2013,180232,250000,nafta,manual,103
Ford,C-MAX,2015,111006,220000,nafta,manual,88
Škoda,Scala,2020,87378,350000,nafta,manual,85
Peugeot,508,2016,200475,205000,nafta,automat,133
Opel,Insignia,2015,139695,219000,nafta,manual,125
Volkswagen,Passat,2018,163371,380000,nafta,automat,140
Škoda,Superb,2018,167723,350000,nafta,manual,88
BMW,X1,2016,136679,310000,nafta,manual,110
Volkswagen,Tiguan,2012,101734,230000,benzín,manual,90
Opel,Insignia,2015,99737,275000,nafta,manual,125
Renault,Scénic,2018,127641,319000,benzín,automat,103
Škoda,Yeti,2014,142968,249000,benzín,manual,77
Citroën,C4,2017,100109,240000,benzín,automat,96
Kia,Sportage,2016,152626,319000,benzín,manual,97
Ford,Kuga,2017,156339,278000,benzín,manual,110
Renault,Captur,2017,93091,232000,benzín,manual,66
Citroën,Jumpy,2019,165051,284400,nafta,manual,90
Citroën,C4,2016,116759,282000,nafta,manual,110
Škoda,Scala,2021,62327,385000,benzín,manual,81
Citroën,Berlingo,2019,145509,338800,nafta,manual,75
Peugeot,3008,2018,67272,385000,nafta,automat,96
Nissan,Qashqai,2015,89006,289000,nafta,automat,96
Opel,Astra,2020,107191,347000,nafta,automat,90
Volkswagen,Passat,2018,155957,390000,nafta,manual,110
Peugeot,308,2020,10872,289000,benzín,manual,81
Peugeot,508,2015,222278,210000,nafta,automat,133
Hyundai,Ix35,2012,145484,219000,nafta,manual,135
Hyundai,I30,2020,71013,272000,benzín,manual,81
Mazda,CX-3,2016,152232,325000,benzín,automat,110
Hyundai,Tucson,2017,140929,350000,benzín,automat,130
Škoda,Octavia,2017,181259,245000,nafta,manual,85
Peugeot,2008,2018,88212,260000,benzín,automat,81
Volvo,S80,2013,249879,215000,nafta,automat,169
Opel,Mokka,2015,168980,208000,nafta,manual,100
Škoda,Octavia,2017,118407,220000,nafta,manual,85
Citroën,C3,2019,91951,229000,benzín,manual,81
Ford,Transit,2018,146817,218000,nafta,manual,74
Kia,Stonic,2018,63756,290000,benzín,manual,88
Ford,Focus,2019,140146,279000,nafta,manual,88
Renault,Kadjar,2018,93698,325000,nafta,manual,96
Ford,Galaxy,2011,178692,215000,nafta,automat,120
Peugeot,308,2019,126998,230000,benzín,manual,81
Opel,Astra,2013,130862,285000,benzín,manual,206
Volkswagen,Passat,2015,132784,315000,nafta,manual,110
SsangYong,Tivoli,2017,123388,239000,nafta,manual,85
Opel,Mokka,2015,135828,220000,nafta,manual,100
Audi,Q5,2015,164391,385000,nafta,manual,140
Ford,Focus,2020,132023,289000,nafta,manual,88
Volkswagen,Sportsvan,2016,95273,259000,nafta,manual,81
Hyundai,Santa,2014,147198,378000,nafta,automat,145
Citroën,Berlingo,2019,75705,345000,benzín,manual,81
Škoda,Octavia,2018,69793,315000,nafta,manual,85
Škoda,Octavia,2019,127541,315000,nafta,manual,85
Volkswagen,Tiguan,2015,150417,329000,nafta,manual,110
Ford,S-MAX,2013,174664,215000,nafta,automat,120
Kia,Ceed,2019,101551,233000,benzín,manual,88
Subaru,XV,2013,102235,289000,benzín,automat,110
Kia,Ceed,2020,191245,260000,nafta,automat,100
Peugeot,308,2019,94814,260000,nafta,manual,75
Ford,Kuga,2011,82863,230000,nafta,manual,103
Škoda,Octavia,2019,60032,335000,nafta,manual,85
Volkswagen,Transporter,2019,187857,302500,nafta,manual,75
BMW,Řada,2011,127238,210000,benzín,manual,125
Škoda,Scala,2019,159925,295000,nafta,manual,85
Peugeot,308,2019,97588,250000,nafta,manual,96
Škoda,Octavia,2018,107594,325000,nafta,manual,85
Volkswagen,Tiguan,2014,103889,290000,benzín,manual,110
Audi,A4,2016,92368,365000,benzín,manual,110
Audi,A6,2014,244981,250000,nafta,automat,150
Ford,Fiesta,2021,74780,260000,benzín,manual,74
Peugeot,308,2019,139379,208000,nafta,manual,75
Škoda,Octavia,2015,124438,235000,nafta,manual,81
Peugeot,5008,2014,121064,219000,nafta,manual,84
Chevrolet,Trax,2014,38458,209000,benzín,manual,103
Hyundai,Kona,2019,78556,389000,benzín,automat,130
Opel,Astra,2021,126937,260000,nafta,manual,90
Ford,Focus,2019,134961,299000,nafta,manual,88
Land,Rover,2014,151107,375000,nafta,automat,110
Peugeot,2008,2017,114031,210000,benzín,manual,81
Škoda,Octavia,2017,141888,281000,nafta,manual,85
Seat,Ibiza,2018,75106,210000,benzín,manual,55
Hyundai,Tucson,2016,108205,380000,benzín,automat,130
Hyundai,I30,2017,157763,209000,nafta,manual,81
Volkswagen,Passat,2015,127987,375000,nafta,automat,176
Opel,Grandland,2018,60006,335000,benzín,manual,96
Renault,Mégane,2018,122788,206000,benzín,manual,103
Seat,Alhambra,2015,224397,275000,nafta,automat,130
Opel,Mokka,2017,93092,235000,nafta,manual,100
Peugeot,308,2015,98075,240000,benzín,automat,96
Volkswagen,Polo,2017,111841,205000,benzín,manual,66
Fiat,500X,2016,122784,210000,benzín,manual,103
Fiat,500,2017,119993,209000,benzín,manual,70
Nissan,Qashqai,2016,106976,300000,benzín,automat,85
Škoda,Octavia,2017,155351,252000,nafta,automat,85
Kia,Ceed,2016,56500,210000,benzín,manual,99
Dacia,Sandero,2022,1190,325000,benzín,manual,67
Volkswagen,Passat,2016,151612,279000,nafta,manual,88
Hyundai,Ix35,2014,146310,252000,nafta,manual,100
Volkswagen,Touran,2012,198517,205000,nafta,manual,103
Citroën,C4,2016,47335,212000,benzín,manual,81
Renault,Clio,2014,106542,220000,benzín,automat,147
Opel,Corsa,2020,65916,230000,benzín,manual,55
Volkswagen,Beetle,2015,58250,259000,benzín,manual,77
Nissan,Qashqai,2015,134623,260000,nafta,manual,96
Mini,Cooper,2015,70276,260000,benzín,manual,100
Ford,Focus,2020,109813,248000,nafta,manual,70
Volkswagen,Touran,2015,139369,365000,nafta,manual,110
Škoda,Scala,2019,115966,330000,nafta,automat,85
Renault,Kadjar,2017,83133,255000,benzín,manual,96
Opel,Astra,2019,111052,210000,nafta,manual,81
Opel,Astra,2017,80249,235000,benzín,manual,92
Ford,Fiesta,2018,107674,239000,benzín,manual,74
Citroën,C3,2018,63899,245000,benzín,manual,81
Volkswagen,Passat,2016,219060,335000,nafta,manual,176
Opel,Astra,2017,132279,205000,nafta,manual,81
Citroën,Berlingo,2019,101516,262600,nafta,manual,75
Volvo,V40,2018,111960,325000,nafta,automat,88
Nissan,Qashqai,2016,46442,300000,benzín,automat,85
Mini,Clubman,2017,198379,270000,benzín,automat,100
Citroën,C4,2016,117596,219000,nafta,manual,88
Kia,Soul,2016,121815,232000,nafta,automat,100
Nissan,Qashqai,2017,95083,318000,benzín,automat,85
Ford,Focus,2020,152591,300000,nafta,automat,88
Škoda,Octavia,2016,185606,289000,nafta,automat,135
Peugeot,508,2014,132555,258000,nafta,automat,150
Ford,Transit,2018,150631,278300,nafta,manual,88
Seat,Leon,2018,157883,239000,benzín,manual,92
Volkswagen,Passat,2017,162340,310000,nafta,manual,88
Audi,A4,2016,190434,385000,nafta,automat,140
BMW,Řada,2013,170510,365000,benzín,automat,225
Renault,Mégane,2017,84356,385000,benzín,automat,151
Volkswagen,Polo,2013,136946,210000,benzín,automat,132
Renault,Mégane,2019,102698,270000,benzín,automat,103
Opel,Mokka,2017,127322,252000,nafta,manual,100
Volkswagen,Sharan,2016,228006,319000,nafta,manual,110
Seat,Alhambra,2012,178246,260000,nafta,automat,103
Ford,Kuga,2013,162555,245000,nafta,automat,120
Hyundai,I30,2021,54309,380000,benzín,manual,118
Volvo,S80,2011,177296,255000,nafta,automat,158
Škoda,Scala,2019,112131,389000,LPG + benzín,automat,110
Citroën,Berlingo,2019,166363,290400,nafta,manual,73
Volkswagen,Passat,2016,182896,290000,nafta,automat,110
Volkswagen,Passat,2016,181864,340000,nafta,manual,140
Volkswagen,Passat,2016,174111,325000,nafta,automat,110
Renault,Talisman,2016,64456,343000,benzín,automat,110
Škoda,Octavia,2017,164885,239000,nafta,manual,85
Kia,Sportage,2016,126467,360000,nafta,manual,136
Hyundai,Ix35,2011,58942,240000,nafta,manual,100
Seat,Leon,2016,94599,299000,benzín,manual,92
Ford,Transit,2019,128185,278300,nafta,manual,74
Hyundai,Kona,2018,67520,315000,benzín,manual,88
Renault,Scénic,2017,150271,255000,benzín,manual,97
BMW,Řada,2010,184466,290000,benzín,automat,225
Škoda,Octavia,2018,132445,300000,nafta,manual,85
Volkswagen,Passat,2016,195797,339000,nafta,manual,140
Hyundai,I30,2018,58955,260000,benzín,manual,88
Škoda,Octavia,2014,194181,245000,benzín,automat,132
Opel,Mokka,2014,59927,245000,benzín,manual,103
Seat,Ibiza,2016,125012,245000,benzín,manual,141
Nissan,Micra,2019,85700,250000,benzín,manual,74
Mazda,CX-3,2020,173918,290000,benzín,manual,89
Audi,A6,2013,166743,385000,nafta,automat,230
Mercedes-Benz,GLK,2011,165005,355000,nafta,automat,170
Volkswagen,Sportsvan,2014,146959,300000,nafta,automat,110
Renault,Mégane,2019,60297,250000,benzín,manual,85
Audi,A3,2015,148439,290000,benzín,manual,110
Hyundai,I30,2021,43275,310000,benzín,manual,88
Škoda,Karoq,2018,110844,398000,nafta,manual,85
Mercedes-Benz,Sprinter,2009,273790,270000,nafta,manual,80
Škoda,Fabia,2021,149039,225000,benzín,manual,70
Ford,S-MAX,2015,246630,235000,nafta,automat,132
Volkswagen,Polo,2016,136727,210000,benzín,manual,66
Peugeot,308,2016,84441,250000,nafta,manual,88
Volkswagen,Touran,2016,114895,365000,nafta,manual,81
Seat,Leon,2014,142487,209000,benzín,manual,103
Škoda,Scala,2021,78471,365000,benzín,automat,81
Citroën,C4,2016,79107,209000,nafta,manual,73
Kia,Rio,2019,81076,270000,benzín,automat,73
Hyundai,Tucson,2015,194730,320000,nafta,automat,136
Volkswagen,Tiguan,2014,56658,310000,benzín,manual,90
Renault,Kadjar,2016,169785,214000,benzín,manual,96
Mazda,CX-3,2016,157648,324000,benzín,automat,110
Škoda,Superb,2017,135681,400000,nafta,automat,140
Opel,Grandland,2018,129604,309000,benzín,manual,96
Škoda,Rapid,2019,115188,205000,benzín,manual,81
Audi,A5,2009,182111,220000,nafta,manual,125
Peugeot,3008,2017,98500,340000,benzín,manual,96
Opel,Insignia,2014,177187,215000,nafta,manual,143
Nissan,Qashqai,2012,126082,232000,benzín,manual,104
Volkswagen,Tiguan,2013,71913,340000,nafta,manual,103
Škoda,Superb,2017,162107,345000,nafta,automat,110
Dacia,Duster,2020,93880,315000,LPG + benzín,manual,74
Opel,Crossland,2018,60052,260000,benzín,manual,81
Opel,Grandland,2017,79681,308000,benzín,manual,96
Volkswagen,Sharan,2012,177414,290000,nafta,automat,103
Volkswagen,Sharan,2015,256971,265000,nafta,automat,130
Audi,A5,2014,145520,385000,benzín,automat,165
Opel,Crossland,2017,77199,230000,benzín,manual,81
Škoda,Kamiq,2020,42916,355000,benzín,manual,70
Opel,Crossland,2018,93776,260000,benzín,manual,81
Renault,Scénic,2016,149634,269000,nafta,manual,96
Mercedes-Benz,Třída,2010,219907,310000,nafta,automat,225
Ford,Focus,2020,140632,308000,nafta,manual,88
Renault,Kangoo,2020,142625,217800,nafta,manual,70
BMW,X5,2011,279169,265000,nafta,automat,225
Ford,Focus,2019,52119,399000,benzín,automat,111
Škoda,Octavia,2019,196906,299000,benzín,automat,110
Volkswagen,Crafter,2018,213799,393300,nafta,manual,103
Volkswagen,Passat,2015,184239,315000,nafta,automat,176
Fiat,Tipo,2018,91656,260000,benzín,manual,70
Peugeot,508,2017,76420,360000,nafta,automat,133
Mazda,CX-3,2018,66787,375000,benzín,manual,88
Volkswagen,Tiguan,2014,224679,292000,nafta,manual,103
Škoda,Rapid,2019,121226,220000,benzín,manual,81
Volkswagen,Touran,2014,189749,215000,nafta,automat,77
Ford,Mondeo,2019,148693,300000,nafta,manual,110
Nissan,Qashqai,2017,61164,388000,nafta,manual,96
Renault,Kadjar,2016,203790,220000,nafta,automat,81
Mazda,6,2014,154801,282000,benzín,manual,121
Mercedes-Benz,CLA,2016,74300,390000,benzín,automat,90
Hyundai,I30,2019,177332,205000,nafta,manual,85
Volkswagen,Transporter,2011,221562,254100,nafta,manual,103
Škoda,Superb,2014,130913,315000,nafta,automat,125
Peugeot,Rifter,2019,149809,305000,nafta,manual,75
Hyundai,Santa,2015,145124,375000,nafta,manual,145
BMW,X3,2009,166085,220000,nafta,automat,130
Opel,Insignia,2019,178563,289000,nafta,automat,125
Volkswagen,Golf,2015,123800,235000,benzín,manual,81
Volkswagen,Golf,2013,186746,230000,benzín,automat,103
Renault,Scénic,2017,165780,250000,nafta,manual,96
Škoda,Octavia,2014,184268,239000,nafta,manual,110
Volkswagen,Tiguan,2014,174751,300000,nafta,manual,110
Renault,Kadjar,2016,78359,240000,benzín,manual,96
Peugeot,508,2016,137407,240000,nafta,manual,110
Škoda,Octavia,2016,158440,255000,nafta,manual,110
Jeep,Grand,2013,167324,310000,nafta,automat,177
Hyundai,Santa,2014,140093,315000,nafta,manual,110
Škoda,Octavia,2017,159535,330000,nafta,automat,110
Honda,HR-V,2018,82584,330000,benzín,manual,96
Škoda,Octavia,2017,177941,330000,nafta,manual,110
Fiat,Freemont,2013,140508,265000,nafta,automat,125
Opel,Astra,2020,93662,213000,benzín,manual,77
Škoda,Superb,2018,215233,325000,nafta,manual,110
Škoda,Superb,2015,232788,288000,nafta,manual,110
Dacia,Duster,2021,27769,360000,benzín,manual,67
Volkswagen,Passat,2011,171027,220000,nafta,automat,125
Volkswagen,Scirocco,2008,131954,215000,benzín,manual,147
Hyundai,I10,2023,746,350000,benzín,manual,73
Renault,Kadjar,2017,122629,317000,nafta,manual,96
Hyundai,I40,2015,209329,219000,nafta,automat,104
Ford,Transit,2017,214127,272300,nafta,manual,96
Seat,Arona,2019,86792,325000,benzín,manual,70
Škoda,Fabia,2015,91696,230000,benzín,manual,66
Mazda,CX-5,2012,135352,309000,benzín,manual,118
Škoda,Rapid,2017,131890,220000,benzín,manual,70
Fiat,Freemont,2012,179450,220000,nafta,automat,120
Renault,Clio,2020,37929,305000,benzín,manual,74
Škoda,Scala,2019,52598,370000,nafta,automat,85
Renault,Koleos,2018,135241,375000,nafta,manual,96
Škoda,Octavia,2013,154796,300000,benzín,manual,162
Renault,Clio,2022,26227,335000,benzín,manual,67
Opel,Insignia,2013,110327,230000,benzín,automat,184
Renault,Clio,2022,24672,335000,benzín,manual,67
Audi,A4,2017,184758,385000,nafta,automat,140
Subaru,XV,2012,57038,355000,benzín,automat,110
Škoda,Octavia,2013,223782,250000,nafta,manual,135
BMW,Řada,2016,108897,389000,nafta,automat,230
Škoda,Octavia,2017,198680,265000,nafta,manual,110
Peugeot,308,2019,111200,260000,nafta,manual,90
Kia,Optima,2013,148307,210000,nafta,automat,100
Ford,Kuga,2018,104322,320000,benzín,manual,110
Audi,A4,2010,160678,235000,nafta,manual,140
Škoda,Octavia,2015,185727,243000,nafta,manual,110
Ford,Transit,2016,312101,240000,nafta,manual,92
Ford,S-MAX,2015,228894,267000,nafta,automat,154
Kia,Sportage,2014,137926,269000,benzín,manual,99
Opel,Mokka,2019,45216,345000,nafta,manual,100
Volkswagen,Polo,2015,82240,220000,benzín,manual,66
Ford,Galaxy,2014,165554,280000,nafta,automat,120
Seat,Ateca,2017,155242,400000,nafta,automat,140
Škoda,Fabia,2021,138657,240000,benzín,manual,70
Ford,Focus,2013,117203,318000,benzín,manual,184
Ford,Focus,2017,88641,220000,benzín,manual,110
Škoda,Superb,2014,196161,248000,nafta,manual,103
Honda,HR-V,2016,91353,329000,nafta,manual,88
Fiat,Freemont,2013,153849,210000,nafta,manual,125
Renault,Mégane,2016,131936,355000,benzín,automat,151
Peugeot,308,2017,159348,252000,nafta,automat,110
Opel,Insignia,2018,154536,359000,nafta,automat,154
Audi,A4,2013,177042,375000,benzín,automat,200
Opel,Grandland,2019,113943,370000,benzín,automat,96
BMW,Řada,2014,208842,285000,nafta,automat,140
Kia,Sportage,2018,92423,375000,benzín,manual,130
Peugeot,Boxer,2020,217205,250000,nafta,manual,103
Renault,Kadjar,2018,145507,305000,nafta,automat,81
Renault,Mégane,2020,69561,289000,benzín,manual,85
Peugeot,Boxer,2021,209677,381200,nafta,manual,121
Hyundai,Tucson,2016,61838,359000,benzín,manual,130
Renault,Kadjar,2016,157008,265000,nafta,manual,96
Audi,Q5,2013,197189,350000,nafta,automat,180
Opel,Crossland,2018,91631,309000,benzín,automat,81
Škoda,Octavia,2015,187000,220000,benzín,manual,81
Mini,Cooper,2018,147808,275000,nafta,manual,85
Volkswagen,Tiguan,2014,71300,355000,benzín,manual,118
BMW,Řada,2011,272834,230000,nafta,automat,180
SsangYong,Rexton,2013,148201,209000,nafta,manual,114
Kia,Soul,2016,91185,209000,nafta,manual,100
Volkswagen,Passat,2017,146113,380000,nafta,automat,140
Peugeot,Rifter,2021,74120,369100,nafta,manual,75
Volkswagen,Passat,2016,149407,290000,nafta,manual,88
Volkswagen,Tiguan,2013,54395,309000,benzín,manual,118
Škoda,Octavia,2016,199842,204000,nafta,manual,81
Škoda,Octavia,2015,135007,230000,nafta,manual,66
Honda,Accord,2011,79826,270000,benzín,manual,115
Volvo,XC60,2015,161992,340000,nafta,automat,110
BMW,X1,2010,130808,209000,nafta,automat,130
Renault,Mégane,2016,93500,220000,nafta,manual,81
Volkswagen,Passat,2013,163990,249000,nafta,manual,130
Hyundai,I30,2021,34947,348000,benzín,manual,88
Ford,Transit,2014,131275,254100,nafta,manual,74
Škoda,Octavia,2013,153290,220000,nafta,manual,77
Seat,Leon,2017,97632,335000,benzín,manual,92
Seat,Leon,2015,171769,262000,nafta,manual,135
Seat,Arona,2019,64849,375000,benzín,automat,85
Škoda,Octavia,2018,155804,328000,benzín,automat,110
Peugeot,4008,2014,160750,230000,nafta,manual,84
BMW,Řada,2008,193785,210000,benzín,automat,200
Ford,Kuga,2013,68079,260000,benzín,manual,110
Volkswagen,Tiguan,2014,22073,325000,benzín,manual,90
Fiat,500,2015,60319,210000,LPG + benzín,manual,88
Hyundai,I30,2018,106078,300000,benzín,manual,103
Škoda,Octavia,2013,167655,220000,nafta,manual,77
Citroën,Jumpy,2018,147054,320700,nafta,manual,110
Škoda,Octavia,2013,172246,280000,nafta,manual,135
Škoda,Fabia,2019,46219,220000,benzín,manual,55
Audi,A6,2013,175480,358000,nafta,automat,180
Škoda,Karoq,2018,171374,355000,nafta,manual,85
BMW,Řada,2015,102190,319000,nafta,automat,135
Citroën,C3,2017,68207,206000,benzín,manual,60
BMW,Řada,2014,82466,309000,benzín,manual,100
Škoda,Octavia,2013,144958,253000,benzín,automat,132
Opel,Crossland,2017,68279,280000,benzín,manual,96
Škoda,Rapid,2015,74833,219000,benzín,manual,66
Škoda,Octavia,2019,128868,332000,nafta,automat,85
Audi,A6,2013,225532,315000,nafta,automat,180
Ford,Galaxy,2013,182498,220000,nafta,automat,103
Volkswagen,Passat,2016,146155,369000,benzín,automat,132
Ford,Focus,2019,155254,277000,nafta,manual,110
Audi,Q3,2012,154202,356000,nafta,automat,130
Volkswagen,Polo,2019,70838,309000,benzín,manual,85
Peugeot,308,2019,27801,335000,benzín,automat,96
Volkswagen,Tiguan,2014,148306,375000,nafta,automat,130
Kia,Sportage,2012,140450,250000,nafta,manual,85
Jeep,Renegade,2019,75794,379000,benzín,automat,111
Volkswagen,Sharan,2010,279309,209000,nafta,automat,104
Hyundai,I30,2017,78203,309000,benzín,manual,103
Volkswagen,Passat,2018,106025,385000,nafta,automat,110
Nissan,Qashqai,2015,138849,325000,nafta,manual,96
Ford,Kuga,2013,141147,267000,nafta,automat,120
Citroën,Berlingo,2020,92520,325000,nafta,manual,75
Volkswagen,Sharan,2011,201169,212000,benzín,manual,110
Škoda,Octavia,2017,183978,224000,nafta,manual,85
Ford,Grand,2018,199921,203000,nafta,manual,70
Peugeot,308,2018,111099,269000,nafta,manual,96
Volkswagen,Passat,2016,227410,280000,benzín,automat,132
Volkswagen,Golf,2013,73060,298000,benzín,automat,103
Audi,Q5,2009,201215,234000,nafta,automat,176
Volkswagen,Tiguan,2011,155317,263000,benzín,automat,132
Kia,Sportage,2017,106351,348000,nafta,manual,85
Hyundai,I30,2018,110504,330000,benzín,automat,103
Suzuki,Vitara,2016,176996,259000,benzín,manual,88
Mercedes-Benz,Třída,2006,171680,220000,nafta,automat,140
Peugeot,508,2016,202325,240000,nafta,automat,133
Hyundai,I30,2017,115192,240000,nafta,automat,81
Ford,Transit,2016,184526,305000,nafta,manual,125
Volkswagen,Passat,2012,122267,235000,benzín,manual,90
Škoda,Scala,2019,96213,365000,nafta,automat,85
Jeep,Compass,2013,89343,250000,nafta,manual,120
Škoda,Octavia,2020,168832,330000,nafta,manual,85
Opel,Crossland,2017,83120,289000,benzín,automat,81
Škoda,Octavia,2015,113055,270000,nafta,automat,110
Citroën,C3,2021,59115,293000,benzín,manual,81
Škoda,Octavia,2015,197806,208000,nafta,manual,77
Opel,Crossland,2017,36924,250000,benzín,manual,60
Kia,Sportage,2018,98468,399000,benzín,automat,130
Volkswagen,Golf,2009,52552,215000,benzín,manual,90
Audi,A3,2012,84855,245000,benzín,manual,92
Škoda,Octavia,2019,168421,325000,nafta,automat,85
Renault,Talisman,2016,220962,230000,nafta,automat,118
Škoda,Rapid,2018,110114,240000,benzín,manual,70
Škoda,Fabia,2020,94505,259000,benzín,manual,70
Renault,Kangoo,2020,112757,251200,nafta,manual,70
Subaru,XV,2017,169124,330000,benzín,automat,110
BMW,X3,2011,180684,265000,nafta,automat,135
Renault,Espace,2017,83103,365000,nafta,automat,118
BMW,Řada,2015,228895,265000,nafta,manual,140
Volkswagen,Passat,2017,204028,324000,nafta,manual,110
Škoda,Yeti,2015,188683,210000,benzín,manual,77
Volkswagen,Tiguan,2012,136105,265000,benzín,manual,110
Ford,Transit,2019,75813,326700,nafta,manual,88
Škoda,Octavia,2018,140905,253000,nafta,manual,85
Škoda,Octavia,2018,231068,214000,nafta,manual,85
Ford,Kuga,2013,151661,285000,nafta,automat,120
Volkswagen,Transporter,2016,210785,385000,nafta,manual,62
Hyundai,I30,2019,22500,385000,benzín,manual,103
Volkswagen,Passat,2019,112878,400000,nafta,automat,88
Opel,Insignia,2018,182645,289000,nafta,automat,125
Renault,Kangoo,2020,106844,246100,nafta,manual,70
Škoda,Fabia,2014,93624,210000,benzín,manual,66
Peugeot,Boxer,2020,105155,369100,nafta,manual,103
Volkswagen,Passat,2015,142538,350000,nafta,automat,110
Citroën,Berlingo,2018,105983,308600,benzín,manual,81
Nissan,Qashqai,2017,89675,267000,benzín,manual,85
BMW,Řada,2011,199395,249000,nafta,automat,190
Škoda,Fabia,2019,96249,250000,benzín,manual,70
Renault,Scénic,2018,125862,335000,nafta,automat,118
Škoda,Octavia,2016,197000,233000,nafta,manual,81
Kia,Ceed,2015,49627,230000,benzín,manual,99
Škoda,Octavia,2017,136257,263000,nafta,manual,85
Volkswagen,Sportsvan,2016,108332,319000,benzín,automat,92
Opel,Insignia,2018,161728,299000,nafta,manual,125
Mini,Cooper,2015,97494,265000,benzín,manual,100
Škoda,Rapid,2015,159485,225000,benzín,manual,66
Peugeot,Boxer,2018,187507,314600,nafta,manual,96
Ford,Kuga,2015,172747,265000,nafta,manual,110
Seat,Leon,2016,103319,330000,benzín,manual,110
Kia,Ceed,2018,148420,229000,benzín,manual,73
Škoda,Superb,2018,120156,450000,nafta,automat,140
Volkswagen,Touran,2016,79982,435000,benzín,automat,110
Škoda,Superb,2018,137777,420000,nafta,automat,140
Hyundai,I30,2020,31204,400000,benzín,automat,88
Volkswagen,Touran,2019,183478,429000,nafta,automat,110
Peugeot,Boxer,2021,105535,429600,nafta,manual,103
Volkswagen,Golf,2017,129785,430000,benzín,manual,169
Škoda,Scala,2020,99735,400000,benzín,manual,110
Hyundai,Santa,2016,113061,450000,nafta,automat,147
Kia,Sportage,2022,160875,450000,nafta,manual,100
Ford,Kuga,2017,109197,420000,nafta,automat,132
Audi,Q5,2013,143007,424000,nafta,automat,130
Škoda,Superb,2017,158189,400000,benzín,automat,110
Škoda,Superb,2017,147880,420000,nafta,manual,140
Škoda,Kamiq,2020,69773,420000,benzín,manual,85
Ford,Transit,2019,211893,421100,nafta,manual,96
Škoda,Superb,2017,175016,430000,nafta,manual,110
Škoda,Superb,2017,170190,435000,nafta,automat,140
Volkswagen,Arteon,2018,224150,450000,nafta,automat,176
Volkswagen,Passat,2020,152360,450000,nafta,manual,110
Mitsubishi,Eclipse,2018,59154,430000,benzín,automat,120
BMW,X1,2017,129738,429000,nafta,automat,110
Škoda,Superb,2017,135681,400000,nafta,automat,140
Audi,A4,2016,186882,430000,nafta,automat,200
Škoda,Karoq,2020,160269,420000,nafta,manual,110
Škoda,Superb,2019,155927,450000,nafta,automat,110
Škoda,Superb,2017,163028,420000,nafta,automat,140
Nissan,Juke,2020,21970,420000,benzín,manual,86
Hyundai,I30,2021,6431,420000,hybridní,manual,117
Seat,Ateca,2018,59102,450000,benzín,manual,110
Mitsubishi,Eclipse,2018,146654,400000,benzín,automat,120
Opel,Corsa,2022,28855,420000,benzín,automat,96
Seat,Alhambra,2019,140133,429000,nafta,automat,110
Mazda,CX-5,2017,57870,450000,benzín,manual,121
Škoda,Karoq,2019,97362,450000,benzín,manual,110
Mercedes-Benz,Třída,2014,170414,435000,nafta,automat,190
Škoda,Superb,2016,148079,420000,nafta,automat,140
Jeep,Grand,2014,127376,435000,nafta,automat,184
Volkswagen,Passat,2019,153857,427000,nafta,automat,140
MG,ZS,2023,17087,420000,benzín,manual,78
Ford,Transit,2019,164553,435600,nafta,manual,125
Peugeot,5008,2017,98261,420000,benzín,manual,96
Volkswagen,Caravelle,2011,232122,420000,nafta,manual,75
Kia,Sorento,2015,142889,419000,nafta,automat,147
SsangYong,Tivoli,2022,22812,450000,benzín,automat,120
Peugeot,3008,2018,90266,400000,benzín,automat,121
Volkswagen,Passat,2019,153289,420000,nafta,automat,140
Kia,Ceed,2023,26449,430000,benzín,manual,118
Toyota,Yaris,2023,14790,430000,benzín,manual,92
Volkswagen,Golf,2022,50731,428000,benzín,manual,81
Volkswagen,Tiguan,2018,175155,435000,benzín,automat,132
Škoda,Octavia,2017,80010,450000,nafta,automat,135
Land,Rover,2012,135146,400000,benzín,automat,177
Peugeot,Rifter,2019,99220,450000,benzín,automat,96
Volvo,V90,2016,99518,535000,nafta,automat,173
Ford,Kuga,2021,106138,435000,nafta,manual,88
Volkswagen,Golf,2019,184373,420000,nafta,automat,135
Mercedes-Benz,CLA,2015,107335,415000,benzín,automat,155
Land,Rover,2015,174792,548000,nafta,automat,225
Škoda,Superb,2019,131251,473000,benzín,automat,200
Kia,Sportage,2019,132201,409000,nafta,automat,100
Nissan,Navara,2021,40102,579000,nafta,manual,120
Kia,Sportage,2019,59551,455000,benzín,automat,130
Mini,Countryman,2021,14348,540000,nafta,manual,110
Volkswagen,Passat,2017,170150,415000,nafta,automat,140
Land,Rover,2016,119946,437000,nafta,manual,132
Ford,Edge,2017,126943,440000,nafta,automat,154
Citroën,C5,2019,92586,415000,nafta,automat,96
Volkswagen,Passat,2015,138064,405000,nafta,automat,140
Škoda,Octavia,2018,51482,410000,nafta,automat,110
Mercedes-Benz,GLA,2016,56123,479000,nafta,automat,130
Jeep,Grand,2011,105823,420000,nafta,automat,177
Fiat,Ducato,2019,143934,441700,nafta,manual,130
Škoda,Karoq,2017,101428,449000,nafta,automat,110
Hyundai,Kona,2020,46374,409000,benzín,automat,130
Škoda,Karoq,2018,111846,499000,nafta,automat,110
Volkswagen,Tiguan,2018,218502,415000,benzín,automat,162
Mazda,6,2018,147603,415000,nafta,automat,135
Hyundai,Tucson,2019,32255,450000,nafta,manual,85
Škoda,Superb,2019,172946,460000,nafta,automat,140
Peugeot,5008,2017,77785,410000,benzín,manual,96
Hyundai,Tucson,2020,102939,434000,nafta,manual,100
Jeep,Grand,2014,187953,415000,nafta,automat,184
Audi,A6,2017,203508,430000,nafta,automat,200
Hyundai,Kona,2021,41533,405000,benzín,automat,88
Ford,Transit,2020,125930,435600,nafta,manual,96
Škoda,Octavia,2022,10835,485000,benzín,manual,81
Hyundai,I30,2022,14856,458000,hybridní,manual,117
Hyundai,Santa,2018,159100,415000,nafta,automat,147
Ford,Transit,2021,115637,435600,nafta,manual,77
Audi,Q5,2015,133806,457000,nafta,automat,140
Škoda,Superb,2020,136641,420000,nafta,automat,88
Škoda,Kodiaq,2017,117270,495000,nafta,automat,110
Opel,Combo,2019,40968,425000,nafta,automat,96
Fiat,Talento,2020,40379,441700,nafta,manual,88
Škoda,Octavia,2021,27446,560000,nafta,automat,110
Kia,Sportage,2016,56383,405000,nafta,automat,136
Volkswagen,Touareg,2016,145450,520000,nafta,automat,193
Mercedes-Benz,Vito,2020,155504,405400,nafta,manual,100
Škoda,Superb,2016,150735,410000,nafta,automat,140
Ford,Edge,2018,106612,540000,nafta,automat,154
Seat,Alhambra,2020,184776,455000,nafta,automat,110
Peugeot,Boxer,2021,75728,459800,nafta,manual,103
BMW,X4,2014,194525,440000,nafta,automat,190
Mercedes-Benz,Třída,2019,25659,460000,benzín,manual,80
Audi,Q5,2015,168172,430000,benzín,automat,200
Renault,Kadjar,2021,62682,410000,benzín,automat,103
Volkswagen,Tiguan,2019,93920,500000,nafta,automat,110
Volkswagen,Passat,2018,113111,485000,nafta,automat,176
Audi,A6,2013,170923,415000,nafta,automat,180
Mercedes-Benz,Třída,2019,83288,465000,benzín,automat,100
Seat,Ateca,2017,155242,400000,nafta,automat,140
Land,Rover,2014,177796,489000,nafta,automat,190
Peugeot,5008,2018,102000,520000,nafta,automat,133
Škoda,Superb,2020,84895,580000,benzín,automat,140
Kia,Sportage,2018,69929,405000,benzín,manual,97
Volkswagen,Passat,2016,113219,419000,nafta,automat,140
Ford,Transit,2019,100638,446500,nafta,manual,96
Seat,Ateca,2019,162647,425000,nafta,automat,110
Škoda,Kodiaq,2017,74141,485000,benzín,automat,110
BMW,X1,2017,74259,600000,nafta,automat,170
Volkswagen,Golf,2023,49979,485000,benzín,automat,81
Mazda,CX-5,2018,137856,516000,benzín,automat,143
Škoda,Superb,2017,140016,469000,nafta,automat,140
Opel,Grandland,2019,87242,459000,nafta,automat,130
Hyundai,I30,2023,9575,509000,benzín,manual,117
Škoda,Karoq,2018,145397,425000,nafta,automat,85
Volkswagen,Passat,2016,97021,460000,nafta,automat,140
Volkswagen,Passat,2019,112878,400000,nafta,automat,88
Ford,Focus,2021,87112,405000,benzín,automat,110
Peugeot,3008,2017,97998,420000,nafta,manual,110
Škoda,Superb,2020,143025,500000,nafta,automat,140
Mercedes-Benz,Třída,2015,126870,405000,nafta,automat,100
Škoda,Octavia,2020,90237,470000,benzín,manual,110
Opel,Insignia,2018,166598,405000,nafta,automat,154
Audi,A4,2017,163486,415000,nafta,automat,110
Kia,Sportage,2021,39398,534000,benzín,automat,130
Audi,A4,2016,163617,448000,nafta,automat,140
Volkswagen,Tiguan,2017,163732,515000,nafta,automat,140
Hyundai,Tucson,2020,42263,498000,nafta,automat,100
Ford,Transit,2019,131357,507000,nafta,manual,77
Mazda,3,2020,50526,418000,benzín,automat,90
Volkswagen,Passat,2020,118060,460000,nafta,manual,110
Opel,Insignia,2021,145024,425000,nafta,automat,128
Opel,Insignia,2019,112788,425000,nafta,automat,154
Toyota,Corolla,2024,523,510000,benzín,automat,92
Opel,Insignia,2020,103307,449000,nafta,automat,128
Volkswagen,Passat,2016,131625,440000,nafta,automat,140
Renault,Trafic,2020,55374,441700,nafta,manual,88
Mitsubishi,Pajero,2016,154135,525000,nafta,automat,140
Ford,Transit,2015,118209,410000,nafta,manual,74
BMW,X3,2015,157039,449000,nafta,automat,140
Hyundai,Tucson,2018,115046,405000,benzín,automat,130
Kia,Sportage,2019,99399,420000,nafta,automat,100
Peugeot,508,2022,66894,516000,nafta,automat,96
Volkswagen,Passat,2019,156129,420000,nafta,manual,110
BMW,X3,2017,179108,438000,nafta,automat,140
Volkswagen,Caddy,2021,168250,407800,nafta,manual,90
Škoda,Kodiaq,2017,193272,470000,nafta,automat,110
Ford,Transit,2018,78200,478000,nafta,manual,77
Hyundai,Tucson,2015,95715,440000,nafta,automat,136
Kia,XCeed,2020,45442,455000,benzín,automat,150
Volkswagen,Passat,2018,138021,407000,nafta,manual,110
Škoda,Superb,2018,118246,440000,benzín,manual,132
Škoda,Kodiaq,2018,296330,437000,nafta,automat,110
Škoda,Karoq,2020,72200,525000,benzín,automat,110
Volvo,XC60,2016,147498,405000,nafta,automat,110
Peugeot,5008,2020,66004,499000,nafta,manual,96
Peugeot,5008,2019,143312,465000,nafta,automat,96
Jeep,Compass,2017,82084,437000,nafta,automat,103
Volkswagen,Passat,2019,160962,487000,nafta,automat,140
Land,Rover,2020,104817,485000,nafta,manual,110
Seat,Ateca,2016,128062,449000,nafta,automat,140
Renault,Mégane,2024,2504,445000,benzín,manual,103
Škoda,Octavia,2021,70337,499000,nafta,automat,110
Mitsubishi,Pajero,2017,165326,550000,nafta,automat,140
Škoda,Karoq,2018,64554,465000,nafta,manual,85
Peugeot,2008,2021,25487,432500,benzín,automat,96
BMW,Řada,2014,182920,430000,nafta,automat,190
Škoda,Kamiq,2021,7181,518000,benzín,manual,81
Škoda,Superb,2020,186998,525000,nafta,automat,140
Peugeot,3008,2019,97958,445000,nafta,automat,96
Škoda,Octavia,2021,87610,440000,nafta,manual,85
Hyundai,Kona,2023,19567,538000,benzín,automat,145
Škoda,Superb,2017,104897,470000,nafta,automat,110
Škoda,Octavia,2020,93563,465000,benzín,manual,110
Toyota,Corolla,2021,60546,499000,benzín,automat,72
Hyundai,Santa,2017,96987,490000,nafta,automat,147
Audi,A6,2015,98588,548000,nafta,automat,200
BMW,Řada,2011,137480,450000,nafta,automat,220
Volkswagen,Tiguan,2019,110148,485000,nafta,manual,110
Mini,Cooper,2022,44724,435000,benzín,automat,100
Škoda,Karoq,2019,84397,495000,benzín,automat,110
BMW,Řada,2017,164586,450000,nafta,automat,190
Volvo,V60,2019,117784,599000,nafta,automat,147
Škoda,Karoq,2020,64559,540000,benzín,manual,110
Hyundai,Tucson,2018,105271,455000,nafta,automat,136
DS,Automobiles,2019,69163,589000,benzín,automat,165
Mazda,CX-5,2018,78291,570000,benzín,automat,143
Škoda,Octavia,2020,83635,419000,nafta,manual,85
Škoda,Kodiaq,2017,120063,600000,nafta,automat,140
Škoda,Superb,2016,127491,465000,nafta,automat,140
Suzuki,Vitara,2020,70481,438000,hybridní,manual,95
Škoda,Octavia,2020,128869,560000,nafta,automat,147
Volvo,XC40,2020,132055,600000,benzín,automat,140
Škoda,Superb,2017,138666,435000,nafta,automat,140
Ford,Kuga,2019,128440,415000,nafta,automat,132
Škoda,Octavia,2020,129283,445000,benzín,manual,110
Hyundai,I30,2021,71019,405000,benzín,automat,117
Škoda,Kodiaq,2017,146727,560000,nafta,automat,140
Škoda,Superb,2018,174400,409000,nafta,automat,140
Škoda,Octavia,2020,103183,470000,benzín,manual,110
Volkswagen,Arteon,2018,96110,460000,benzín,automat,110
Toyota,ProAce,2021,106099,480400,benzín,manual,96
Opel,Insignia,2022,105335,480000,nafta,automat,128
Citroën,C4,2021,18241,480000,benzín,automat,96
Opel,Combo,2024,21265,474400,benzín,manual,81
Volkswagen,Passat,2018,199045,440000,nafta,automat,140
Audi,A4,2019,145680,409000,CNG + benzín,automat,125
Peugeot,Boxer,2022,91058,499800,nafta,manual,103
Renault,Koleos,2019,116609,470000,nafta,automat,110
Škoda,Octavia,2020,68696,480000,nafta,manual,85
Hyundai,Tucson,2022,36180,570000,nafta,manual,85
Peugeot,508,2019,136677,400000,nafta,automat,96
Volkswagen,Tiguan,2018,112609,470000,nafta,manual,110
Ford,Focus,2019,66312,400000,benzín,manual,110
Volkswagen,Tiguan,2018,123670,555000,benzín,automat,162
Volkswagen,Tiguan,2017,117347,550000,nafta,automat,110
Škoda,Karoq,2018,109198,475000,benzín,automat,110
Škoda,Superb,2017,147808,426000,nafta,automat,110
Ford,Kuga,2019,59261,480000,nafta,automat,110
Kia,Sportage,2018,36741,419000,benzín,manual,97
Hyundai,I30,2021,38127,450000,benzín,automat,118
Dacia,Duster,2022,32481,405000,LPG + benzín,manual,67
Kia,Ceed,2021,84669,430000,benzín,manual,118
Jeep,Cherokee,2018,140496,460000,nafta,automat,147
Škoda,Kodiaq,2017,198645,490000,nafta,automat,110
Mazda,3,2020,69937,439000,benzín,manual,132
Seat,Leon,2015,107094,410000,benzín,automat,206
Audi,A4,2016,149565,475000,nafta,automat,140
Peugeot,508,2022,91630,495000,nafta,automat,96
Peugeot,Boxer,2019,130247,447700,nafta,manual,120
Audi,A7,2015,181888,580000,nafta,automat,200
Peugeot,3008,2019,66975,400000,benzín,manual,96
Škoda,Superb,2020,104669,565000,nafta,automat,110
Ford,Transit,2020,108544,429600,nafta,manual,96
Kia,XCeed,2022,11503,520000,benzín,manual,117
Škoda,Scala,2024,9178,490000,benzín,manual,85
Kia,Ceed,2022,58734,425000,benzín,manual,118
Škoda,Octavia,2020,164337,465000,nafta,automat,135
BMW,X1,2016,129978,460000,nafta,automat,140
Peugeot,5008,2018,159894,425000,nafta,automat,96
Toyota,C-HR,2018,50500,400000,benzín,manual,85
Peugeot,Boxer,2020,113321,417500,nafta,manual,103
Dacia,Duster,2021,81285,455000,benzín,automat,110
Audi,A4,2017,189896,470000,nafta,automat,200
Volkswagen,Passat,2017,149566,410000,nafta,manual,110
Mitsubishi,L200,2021,109824,530000,nafta,manual,110
Toyota,Proace,2019,88334,405400,nafta,manual,90
Ford,Transit,2016,85489,453800,nafta,manual,125
Opel,Combo,2019,32449,480000,nafta,manual,96
Audi,A6,2016,219156,450000,nafta,automat,160
Hyundai,Tucson,2022,28577,530000,benzín,manual,110
Citroën,Jumpy,2019,74173,429600,nafta,manual,110
Audi,A6,2016,175765,570000,nafta,automat,235
Peugeot,5008,2020,100033,485000,nafta,automat,96
Volkswagen,Touran,2016,148688,400000,nafta,manual,110
Škoda,Superb,2018,121965,410000,nafta,manual,110
Škoda,Superb,2019,75313,480000,nafta,manual,110
Škoda,Karoq,2020,98043,520000,benzín,manual,110
Volvo,V90,2017,128620,485000,nafta,automat,110
Renault,Koleos,2019,104547,500000,nafta,automat,130
Seat,Ateca,2017,129884,460000,nafta,automat,140
Škoda,Octavia,2021,130620,400000,nafta,manual,85
Opel,Insignia,2021,123499,450000,nafta,automat,128
Peugeot,508,2020,125961,500000,benzín,automat,133
Škoda,Superb,2018,167497,419000,nafta,automat,140
BMW,X1,2019,91257,560000,nafta,automat,110
Fiat,Talento,2021,95538,450200,nafta,manual,107
Ford,Mondeo,2019,145576,420000,nafta,automat,140
Škoda,Superb,2016,87080,400000,nafta,automat,110
Škoda,Superb,2019,227081,400000,nafta,automat,140
Kia,Sportage,2019,64208,420000,benzín,manual,130
Škoda,Octavia,2021,119207,408400,nafta,automat,85
Peugeot,Expert,2020,61550,459800,nafta,manual,110
Peugeot,2008,2020,49803,400000,benzín,manual,96
Škoda,Superb,2019,133000,500000,nafta,manual,110
Ford,Tourneo,2020,83125,480000,nafta,manual,88
Renault,Captur,2020,29021,425000,benzín,manual,96
Kia,Sportage,2019,139297,455000,nafta,automat,136
Škoda,Karoq,2019,153507,470000,nafta,automat,110
Ford,Transit,2017,113121,421100,nafta,manual,96
Volkswagen,Passat,2015,151571,410000,nafta,automat,176
Mercedes-Benz,Třída,2016,119755,475000,nafta,automat,125
Volkswagen,Passat,2019,111351,480000,nafta,automat,110
Renault,Espace,2016,87350,430000,benzín,automat,142
Škoda,Kamiq,2021,84757,450000,benzín,automat,81
Jeep,Cherokee,2018,143100,400000,nafta,automat,147
Škoda,Superb,2020,147542,400000,nafta,manual,88
Peugeot,Rifter,2020,145831,450000,nafta,manual,96
Peugeot,2008,2020,37700,425000,benzín,manual,96
Volkswagen,T-Roc,2018,90721,499000,nafta,manual,110
Škoda,Karoq,2021,57821,570000,benzín,automat,110
Škoda,Octavia,2017,110347,450000,benzín,manual,169
Jeep,Grand,2014,156763,420000,nafta,automat,184
Volkswagen,Golf,2021,33666,500000,benzín,manual,110
Jaguar,F-Pace,2016,132501,590000,nafta,automat,221
Peugeot,Boxer,2021,94719,459800,nafta,manual,103
Volkswagen,Tiguan,2016,165210,480000,nafta,automat,110
Subaru,Forester,2015,129296,425000,benzín,automat,177
Ford,Transit,2021,161083,450200,nafta,manual,96
Hyundai,Tucson,2022,48398,520000,benzín,manual,110
Hyundai,Santa,2018,141713,440000,nafta,automat,147
Peugeot,3008,2018,91254,400000,benzín,automat,121
Honda,CR-V,2019,79820,490000,benzín,manual,127
Škoda,Octavia,2018,77461,520000,benzín,automat,180
BMW,Řada,2017,140808,480000,benzín,automat,135
Land,Rover,2016,92141,440000,nafta,automat,132
Peugeot,308,2022,109195,425000,nafta,manual,96
Audi,A4,2016,147332,465000,nafta,automat,140
Škoda,Karoq,2018,117933,530000,nafta,automat,110
Ford,Tourneo,2017,89112,550000,nafta,manual,96
Audi,Q5,2017,153553,589000,nafta,automat,140
Škoda,Scala,2023,38728,420000,benzín,manual,81
Kia,Proceed,2021,74092,500000,benzín,automat,150
BMW,X3,2014,169793,440000,nafta,automat,140
Volkswagen,T-Roc,2021,141465,540000,nafta,automat,110
Volkswagen,Transporter,2018,199446,484000,nafta,automat,110
Škoda,Karoq,2018,160485,495000,nafta,automat,110
Škoda,Kodiaq,2016,158434,599000,nafta,automat,140
Land,Rover,2016,125223,450000,nafta,automat,132
Škoda,Kodiaq,2017,120366,560000,nafta,manual,110
Volkswagen,Passat,2019,166253,450000,nafta,automat,140
Škoda,Superb,2017,197141,430000,nafta,automat,140
Škoda,Karoq,2019,147263,415000,nafta,manual,75
Peugeot,Boxer,2022,154801,417500,nafta,manual,121
Fiat,Ducato,2021,77870,550600,nafta,manual,118
Opel,Insignia,2019,92026,425000,nafta,automat,154
Škoda,Kodiaq,2017,197255,500000,nafta,automat,140
Nissan,X-Trail,2018,140167,450000,nafta,automat,130
Peugeot,Rifter,2021,143224,426000,nafta,automat,96
Škoda,Octavia,2020,101511,480000,nafta,automat,110
Hyundai,I30,2019,61206,590000,benzín,manual,202
Peugeot,Expert,2021,86575,435600,nafta,manual,90
Škoda,Kamiq,2021,27115,540000,benzín,manual,110
Volkswagen,T-Roc,2018,128180,500000,nafta,automat,110
Volvo,XC60,2016,89685,500000,benzín,automat,180
Škoda,Superb,2017,157464,420000,benzín,automat,162
Renault,Trafic,2021,185368,417500,nafta,manual,88
Ford,Kuga,2019,86603,420000,nafta,manual,110
Škoda,Kamiq,2021,40487,459000,benzín,manual,110
MG,ZS,2023,11464,400000,benzín,manual,78
Škoda,Karoq,2019,106687,555000,nafta,automat,110
Škoda,Kamiq,2019,97027,460000,nafta,automat,85
Kia,Ceed,2024,18109,460000,benzín,automat,118
Škoda,Kodiaq,2017,157876,520000,nafta,automat,110
Renault,Trafic,2021,37736,475000,nafta,manual,88
Škoda,Fabia,2018,22790,400000,benzín,automat,92
Peugeot,2008,2020,16065,500000,benzín,manual,96
Škoda,Octavia,2021,153045,425000,nafta,automat,110
Mercedes-Benz,GLK,2013,181389,400000,benzín,automat,125
Ford,Transit,2018,81836,441700,nafta,manual,96
Kia,Ceed,2024,27420,430000,benzín,manual,117
Peugeot,Boxer,2021,46198,405400,nafta,manual,103
Renault,Master,2022,125555,455000,nafta,manual,100
Kia,Sorento,2016,147121,409000,nafta,automat,147
Volkswagen,T-Roc,2019,132071,490000,benzín,automat,140
Seat,Tarraco,2019,125100,499000,nafta,manual,110
Škoda,Superb,2017,174247,460000,nafta,automat,140
Ford,Transit,2022,155043,400600,nafta,manual,77
Volkswagen,Passat,2018,194839,439000,nafta,automat,140
Hyundai,Tucson,2019,56225,520000,nafta,automat,136
Mazda,CX-5,2017,73266,480000,benzín,manual,118
Volkswagen,Passat,2017,138380,440000,nafta,automat,176
Volkswagen,Golf,2018,145242,440000,nafta,automat,135
Fiat,Talento,2020,57729,435600,nafta,manual,107
Kia,Ceed,2024,13794,440000,benzín,manual,117
Škoda,Karoq,2022,56116,560000,nafta,manual,85
Citroën,C4,2021,58519,460000,nafta,automat,96
Škoda,Superb,2018,95814,425000,nafta,automat,140
Peugeot,Boxer,2020,125666,417500,nafta,manual,103
Ford,Transit,2021,123615,474400,nafta,manual,96
Renault,Espace,2017,89134,465000,nafta,automat,118
Ford,Transit,2018,185534,423500,nafta,manual,96
Škoda,Superb,2016,112688,430000,nafta,automat,140
Škoda,Superb,2020,165692,460000,nafta,automat,140
Kia,Niro,2020,81901,440000,benzín,automat,77
Škoda,Octavia,2020,125173,460000,nafta,automat,110
Toyota,Corolla,2022,24323,410000,benzín,manual,92
Peugeot,2008,2020,41159,420000,benzín,manual,96
Škoda,Superb,2018,163511,440000,nafta,manual,110
Peugeot,Boxer,2021,112520,426000,nafta,manual,103
Mercedes-Benz,Třída,2017,207159,415000,nafta,automat,125
Ford,Tourneo,2017,180618,420000,nafta,manual,96
Nissan,X-Trail,2017,109695,400000,nafta,automat,130
Škoda,Kamiq,2020,52402,470000,benzín,automat,110
Škoda,Octavia,2021,71822,580000,benzín,automat,150
Peugeot,2008,2020,49412,425000,benzín,manual,96
Volvo,XC60,2018,108673,600000,nafta,manual,110
Volkswagen,Tiguan,2018,141813,460000,nafta,automat,110
Peugeot,2008,2021,53556,405000,benzín,manual,96
Kia,Sportage,2019,93225,450000,nafta,manual,100
Škoda,Kodiaq,2019,79586,540000,benzín,automat,110
Suzuki,Vitara,2019,35000,415000,benzín,automat,82
Volkswagen,Tiguan,2017,139395,429000,benzín,manual,110
Mazda,CX-5,2018,107435,410000,benzín,manual,121
Renault,Captur,2020,39647,410000,benzín,manual,96
SsangYong,Korando,2022,32968,430000,benzín,manual,120
Peugeot,2008,2022,35533,440000,benzín,manual,96
Škoda,Karoq,2019,154333,500000,nafta,automat,110
Ford,Kuga,2019,57639,450000,benzín,automat,129
Škoda,Octavia,2021,106055,490000,hybridní,automat,110
Škoda,Scala,2022,15508,405000,benzín,manual,70
Nissan,Qashqai,2019,53939,400000,benzín,manual,103
Audi,A4,2017,139597,400000,benzín,manual,140
Škoda,Kamiq,2023,40265,425000,benzín,manual,70
Peugeot,2008,2024,4852,420000,benzín,manual,74
Opel,Vivaro,2021,75559,420000,nafta,manual,88
Škoda,Superb,2021,106402,489000,nafta,automat,147
Hyundai,Tucson,2018,32996,430000,benzín,manual,130
Škoda,Karoq,2019,36360,565000,benzín,automat,110
Peugeot,308,2022,30142,480000,benzín,manual,96
Škoda,Octavia,2020,73133,465000,nafta,automat,110
Škoda,Karoq,2019,88427,500000,nafta,manual,110
Alfa,Romeo,2017,80075,580000,benzín,automat,206
Seat,Ateca,2018,84790,410000,benzín,manual,96
Škoda,Karoq,2018,156668,420000,nafta,automat,85
Opel,Insignia,2019,116892,420000,nafta,automat,154
Škoda,Fabia,2022,39830,410000,benzín,manual,81
Škoda,Superb,2020,164934,540000,nafta,automat,110
Škoda,Kodiaq,2017,109926,549000,nafta,automat,140
Peugeot,Rifter,2019,102280,420000,nafta,manual,96
Škoda,Superb,2021,141398,570000,nafta,automat,110
Volkswagen,Tiguan,2018,65401,450000,benzín,manual,92
Škoda,Kodiaq,2021,182687,470000,nafta,automat,110
Peugeot,5008,2018,87001,400000,benzín,manual,96
SsangYong,Tivoli,2024,3810,430000,benzín,manual,120
Škoda,Octavia,2020,88281,410000,benzín,manual,110
SsangYong,Korando,2023,12155,510000,benzín,manual,120
Škoda,Kamiq,2023,42875,465000,benzín,manual,81
Škoda,Karoq,2021,54693,600000,benzín,automat,110
Ford,S-MAX,2021,119591,410000,nafta,manual,110
Subaru,XV,2018,125963,400000,benzín,automat,115
Škoda,Kamiq,2022,46000,460000,benzín,manual,81
Škoda,Octavia,2020,99350,425000,benzín,manual,110
Škoda,Kamiq,2023,55968,435000,benzín,automat,81
Škoda,Kamiq,2022,36121,450000,benzín,manual,81
Škoda,Kodiaq,2019,164122,450000,nafta,automat,110
Škoda,Karoq,2021,125165,450000,nafta,manual,110
Volkswagen,Tiguan,2017,157885,430000,nafta,manual,110
Škoda,Kamiq,2020,46451,400000,benzín,manual,110
Škoda,Octavia,2020,87776,415000,benzín,manual,110
Škoda,Kamiq,2023,38995,420000,benzín,manual,81
Škoda,Kamiq,2020,55502,425000,benzín,manual,110
Škoda,Kamiq,2022,36058,465000,benzín,manual,81
Volkswagen,Amarok,2017,199143,600000,nafta,automat,165
Ford,S-MAX,2020,98869,500000,nafta,automat,110
